sat_name,physical_channel,proxy_nickname,proxy_receive_time,server_receive_time,raw_data
DSLWP-B,13,KO4MA,2018-07-29 11:01:00.000,2018-07-29 22:16:34.649,BJ1SNI8680PDT
DSLWP-B,13,KO4MA,2018-07-29 11:21:00.000,2018-07-29 22:17:18.285,BJ1SNI86A0PDJ
DSLWP-B,13,KO4MA,2018-07-29 11:31:00.000,2018-07-29 22:17:44.494,BJ1SNI8670PD0
DSLWP-B,13,KO4MA,2018-07-29 11:11:00.000,2018-07-29 22:16:53.771,BJ1SNI86E0PDA
DSLWP-B,13,KO4MA,2018-07-29 11:41:00.000,2018-07-29 22:18:06.139,BJ1SNI86D0PDA
DSLWP-B,13,BG2BHC,2018-07-29 16:38:00.000,2018-07-29 16:39:06.112,TEST1
DSLWP-B,13,BY2HIT,2018-07-29 16:40:00.000,2018-07-29 16:42:20.339,TEST3
DSLWP-B,13,BG2BHC,2018-07-29 16:40:00.000,2018-07-29 16:40:47.551,TEST2
DSLWP-B,13,BG6LQV,2018-07-29 21:50:00.000,2018-07-29 21:53:05.520,TEST
DSLWP-B,13,test,2018-07-29 14:24:00.000,2018-07-29 14:24:51.953,test
DSLWP-B,13,W2RTV,2108-07-29 11:01:00.000,2018-07-30 02:12:19.863,BJ1SNI8680PDT
DSLWP-B,13,K4KDR,2018-07-16 01:11:00.000,2018-07-30 00:35:06.357,BJ1SNI86G2PD9
DSLWP-B,13,W2RTV,2018-07-28 11:11:00.000,2018-07-30 02:14:51.304,BJ1SNI86E0PDA
DSLWP-B,13,W2RTV,2018-07-28 11:21:00.000,2018-07-30 02:15:56.798,BJ1SNI86A0PDJ
DSLWP-B,13,W2RTV,2018-07-16 00:41:00.000,2018-07-30 02:20:14.825,BJ1SNJ8661PDA
DSLWP-B,13,KO4MA,2018-07-29 11:51:00.000,2018-07-29 22:18:32.690,BJ1SNI8660PDK
DSLWP-B,13,W2RTV,2018-07-16 00:20:00.000,2018-07-30 02:19:14.797,BJ1SNJ86A1PDJ
DSLWP-B,13,W2RTV,2018-07-16 00:30:00.000,2018-07-30 02:19:52.153,BJ1SNJ8681PDT
DSLWP-B,13,W2RTV,2018-07-16 00:10:00.000,2018-07-30 02:18:48.016,BJ1SNJ8691PD9
DSLWP-B,13,W2RTV,2018-07-16 00:51:00.000,2018-07-30 02:20:39.073,BJ1SNJ86A1PDK
DSLWP-B,13,W2RTV,2018-07-16 01:01:00.000,2018-07-30 02:21:21.524,BJ1SNJ86B1PDT
DSLWP-B,13,W2RTV,2018-07-16 01:11:00.000,2018-07-30 02:22:16.807,BJ1SNI86G2PD9
DSLWP-B,13,W2RTV,2018-07-16 01:21:00.000,2018-07-30 02:22:39.630,BJ1SNI86C2PDJ
DSLWP-B,13,W2RTV,2018-07-16 01:31:00.000,2018-07-30 02:23:02.183,BJ1SNI86A2PD0
DSLWP-B,13,W2RTV,2018-07-16 01:41:00.000,2018-07-30 02:23:26.086,BJ1SNI86C2PDA
DSLWP-B,13,W2RTV,2018-07-16 01:41:00.000,2018-07-30 02:23:42.991,BJ1SNI86D2PDJ
DSLWP-B,13,W2RTV,2018-06-30 14:41:00.000,2018-07-30 02:31:08.172,BJ1SNI86F0NE9
DSLWP-B,13,W2RTV,2018-07-16 01:05:00.000,2018-07-30 02:21:48.787,DK5LA TEST
DSLWP-B,13,YL3CT,2018-06-29 08:41:00.000,2018-07-30 05:15:20.033,BJ1SNJ86H0OA9
DSLWP-B,13,YL3CT,2018-06-29 08:51:00.000,2018-07-30 05:15:50.945,BJ1SNJ86E0OAK
DSLWP-B,13,YL3CT,2018-06-29 09:01:00.000,2018-07-30 05:16:36.553,BJ1SNJ86A0PAT
DSLWP-B,13,YL3CT,2018-06-29 08:30:00.000,2018-07-30 05:14:34.481,BJ1SNJ86G0OA0
DSLWP-B,13,VK5EI,2018-07-30 01:51:00.000,2018-07-30 04:26:45.605,BJ1SNI8680ODK
DSLWP-B,13,W2RTV,2018-06-30 14:40:00.000,2018-07-30 02:31:34.253,BJ1SNI86F0NE9
DSLWP-B,13,W2RTV,2018-07-01 15:30:00.000,2018-07-30 02:36:55.765,BJ1SNJ8680ODO
DSLWP-B,13,YL3CT,2018-06-29 08:20:00.000,2018-07-30 04:49:41.312,BJ1SNJ86L0OAK
DSLWP-B,13,YL3CT,2018-06-29 08:10:00.000,2018-07-30 04:46:46.542,BJ1SNJ86C0OA9
DSLWP-B,13,YL3CT,2018-06-29 09:11:00.000,2018-07-30 05:17:09.934,BJ1SNJ86H0PA9
DSLWP-B,13,YL3CT,2018-06-29 09:21:00.000,2018-07-30 05:17:49.183,BJ1SNJ86G0PAK
DSLWP-B,13,YL3CT,2018-06-29 09:31:00.000,2018-07-30 05:18:16.672,BJ1SNJ86E0PA0
DSLWP-B,13,YL3CT,2018-06-29 09:41:00.000,2018-07-30 05:18:44.574,BJ1SNJ86J0PAA
DSLWP-B,13,YL3CT,2018-06-29 09:51:00.000,2018-07-30 05:19:16.735,BJ1SNJ86G0PAK
DSLWP-B,13,YL3CT,2018-07-14 16:21:00.000,2018-07-30 05:20:33.544,BJ1SNJ8040PDK
DSLWP-B,13,YL3CT,2018-07-14 16:31:00.000,2018-07-30 05:21:09.753,BJ1SNJ8070PD0
DSLWP-B,13,YL3CT,2018-07-14 16:41:00.000,2018-07-30 05:21:36.614,BJ1SNJ8070PDA
DSLWP-B,13,YL3CT,2018-07-14 16:51:00.000,2018-07-30 05:22:07.404,BJ1SNJ8040PDK
DSLWP-B,13,BG6LQV,2018-07-29 00:51:00.000,2018-07-30 07:10:44.748,BJ1SNI8680PDK
DSLWP-B,13,BG6LQV,2018-07-29 00:51:00.000,2018-07-30 19:40:17.356,BJ1SNI8680PDK
DSLWP-B,13,BG6LQV,2018-07-29 00:51:00.000,2018-07-30 20:37:37.652,BJ1SNI8680PDK
DSLWP-B,13,BG6LQV,2018-07-29 00:51:00.000,2018-07-30 21:17:19.215,BJ1SNI8680PDK
DSLWP-B,13,BG6LQV,2018-07-29 00:52:00.000,2018-07-30 21:37:30.167,BJ1SNI8680PDK
DSLWP-B,13,PA0DLO,2018-07-14 23:30:00.000,2018-07-30 22:57:39.839,BJ1SNJ8670PDT
DSLWP-B,13,PA0DLO,2018-07-14 23:40:00.000,2018-07-30 22:58:45.047,BJ1SNJ86E0PDA
DSLWP-B,13,YL3CT,2018-07-14 17:01:00.000,2018-07-30 05:22:51.545,BJ1SNJ80B0PD0
DSLWP-B,13,YL3CT,2018-07-14 17:21:00.000,2018-07-30 05:23:43.915,BJ1SNJ8080PDK
DSLWP-B,13,PA0DLO,2018-07-14 23:51:00.000,2018-07-30 22:59:20.176,BJ1SNJ86D0PDK
DSLWP-B,13,PA0DLO,2018-07-15 00:41:00.000,2018-07-30 22:59:58.306,BJ1SNJ86A0PD9
DSLWP-B,13,PA0DLO,2018-07-15 00:51:00.000,2018-07-30 23:00:20.285,BJ1SNJ8670PDJ
DSLWP-B,13,PA0DLO,2018-07-16 00:41:00.000,2018-07-30 23:01:50.953,BJ1SNJ8661PDA
DSLWP-B,13,PA0DLO,2018-07-16 00:51:00.000,2018-07-30 23:02:12.661,BJ1SNJ86A1PDK
DSLWP-B,13,PA0DLO,2018-07-16 01:01:00.000,2018-07-30 23:02:43.663,BJ1SNJ86B1PDT
DSLWP-B,13,PA0DLO,2018-07-16 00:20:00.000,2018-07-30 23:00:58.407,BJ1SNJ86A1PDJ
DSLWP-B,13,PA0DLO,2018-07-16 00:30:00.000,2018-07-30 23:01:24.088,BJ1SNJ8681PDT
DSLWP-B,13,PA0DLO,2018-07-16 01:05:00.000,2018-07-30 23:03:11.000,DK5LA TEST
DSLWP-B,13,PA0DLO,2018-07-16 01:11:00.000,2018-07-30 23:03:33.250,BJ1SNI86G2PD9
DSLWP-B,13,PA0DLO,2018-07-16 01:21:00.000,2018-07-30 23:03:57.656,BJ1SNI86C2PDJ
DSLWP-B,13,PA0DLO,2018-07-16 01:31:00.000,2018-07-30 23:04:19.111,BJ1SNI86A2PD0
DSLWP-B,13,PA0DLO,2018-07-16 01:41:00.000,2018-07-30 23:04:43.260,BJ1SNI86C2PDA
DSLWP-B,13,PA0DLO,2018-07-16 01:51:00.000,2018-07-30 23:05:10.718,BJ1SNI86D2PDJ
DSLWP-B,13,BG6LQV,2018-07-28 23:33:00.000,2018-07-30 23:33:35.776,testesttest
DSLWP-B,13,N6RFM,2018-07-16 05:41:00.000,2018-08-01 10:42:58.418,BJ1SNI86C2PDA
DSLWP-B,13,N6RFM,2018-07-16 05:51:00.000,2018-08-01 10:43:17.051,BJ1SNI86D2PDJ
DSLWP-B,13,VK5EI,2018-08-04 07:50:00.000,2018-08-04 07:55:39.737,BJ1SNI86FOODJ
DSLWP-B,13,VK5EI,2018-08-03 08:21:00.000,2018-08-04 08:24:39.206,BJ1SNI8682ODJ
DSLWP-B,13,VK5EI,2018-08-03 08:31:00.000,2018-08-04 08:33:52.291,BJ1SNI86B2OD0
DSLWP-B,13,VK5EI,2018-08-03 08:00:00.000,2018-08-04 08:01:48.813,BJ1SNI86BOODT
DSLWP-B,13,VK5EI,2018-08-03 08:10:00.000,2018-08-04 08:15:03.581,BJ1SNI86A2ODA
DSLWP-B,13,VK5EI,2018-08-04 08:41:00.000,2018-08-04 08:43:08.711,BJ1SNI86C2ODA
DSLWP-B,13,VK5EI,2018-08-04 09:01:00.000,2018-08-04 09:07:47.185,BJ1SNI86D2ODO
DSLWP-B,13,VK5EI,2018-08-04 09:11:00.000,2018-08-04 09:14:34.482,BJ1SNI8682ODA
DSLWP-B,13,VK5EI,2018-08-04 09:21:00.000,2018-08-04 09:22:42.257,BJ1SNI8652PDJ
DSLWP-B,13,VK5EI,2018-08-04 08:52:00.000,2018-08-04 08:52:52.871,BJ1SNI86F2ODJ
DSLWP-B,13,PA0DLO,2018-08-04 16:50:00.000,2018-08-04 18:25:37.331,BJ1SNJ86B0PAJ
DSLWP-B,13,PA0DLO,2018-08-04 16:40:00.000,2018-08-04 18:25:01.367,BJ1SNJ86B0PA9
DSLWP-B,13,YL3CT,2018-08-05 08:05:00.000,2018-08-05 14:10:59.960,BJ1SNJ86H0PAJ
DSLWP-B,13,YL3CT,2018-08-05 09:10:00.000,2018-08-05 14:12:15.680,BJ1SNJ86E0PA9
DSLWP-B,13,YL3CT,2018-08-05 09:40:00.000,2018-08-05 14:14:04.801,BJ1SNJ86D0PA9
DSLWP-B,13,YL3CT,2018-08-05 09:50:00.000,2018-08-05 14:14:35.451,BJ1SNJ8660PAJ
DSLWP-B,13,YL3CT,2018-08-05 09:00:00.000,2018-08-05 14:11:41.579,BJ1SNJ8690PAT
DSLWP-B,13,YL3CT,2018-08-05 09:20:00.000,2018-08-05 14:12:46.501,BJ1SNJ86F0PAJ
DSLWP-B,13,YL3CT,2018-08-05 09:30:00.000,2018-08-05 14:13:28.791,BJ1SNJ86A0PAT
DSLWP-B,13,PA0DLO,2018-08-05 15:40:00.000,2018-08-05 18:18:48.020,BJ1SNI8680OD9
DSLWP-B,13,YL3CT,2018-08-05 10:20:00.000,2018-08-05 14:16:45.121,BJ1SNJ86C0PAJ
DSLWP-B,13,K4KDR,2018-08-05 16:21:00.000,2018-08-05 16:24:22.708,BJ1SNI86C0ODK
DSLWP-B,13,K4KDR,2018-08-05 16:41:00.000,2018-08-05 16:45:29.375,BJ1SNI8650OD9
DSLWP-B,13,K4KDR,2018-08-05 16:51:00.000,2018-08-05 16:52:38.807,BJ1SNI86D0ODK
DSLWP-B,13,K4KDR,2018-08-05 17:01:00.000,2018-08-05 17:02:32.580,BJ1SNI86C0PD0
DSLWP-B,13,YL3CT,2018-08-05 10:00:00.000,2018-08-05 14:15:17.044,BJ1SNJ86C0PAT
DSLWP-B,13,YL3CT,2018-08-05 10:10:00.000,2018-08-05 14:16:17.921,BJ1SNJ86F0PA9
DSLWP-B,13,K4KDR,2018-08-05 16:10:00.000,2018-08-05 16:14:55.644,BJ1SNI8690OD9
DSLWP-B,13,PA0DLO,2018-08-05 16:21:00.000,2018-08-05 18:20:46.608,BJ1SNI86C0ODK
DSLWP-B,13,PA0DLO,2018-08-05 16:31:00.000,2018-08-05 18:21:45.619,BJ1SNI86E0OD0
DSLWP-B,13,PA0DLO,2018-08-05 16:41:00.000,2018-08-05 18:22:52.121,BJ1SNI8650OD9
DSLWP-B,13,PA0DLO,2018-08-05 15:50:00.000,2018-08-05 18:19:16.454,BJ1SNI8670ODK
DSLWP-B,13,PA0DLO,2018-08-05 16:10:00.000,2018-08-05 18:20:17.644,BJ1SNI8690OD9
DSLWP-B,13,PA0DLO,2018-08-05 16:30:00.000,2018-08-05 18:21:20.314,BJ1SNJ86C0OAT
DSLWP-B,13,PA0DLO,2018-08-05 16:40:00.000,2018-08-05 18:22:25.177,BJ1SNJ86F0OA9
DSLWP-B,13,PA0DLO,2018-08-05 16:00:00.000,2018-08-05 18:19:50.415,BJ1SNI8690ODT
DSLWP-B,13,PA0DLO,2018-08-05 16:50:00.000,2018-08-05 18:23:19.539,BJ1SNJ8670PAJ
DSLWP-B,13,PA0DLO,2018-08-05 16:51:00.000,2018-08-05 18:23:44.004,BJ1SNI86D0ODK
DSLWP-B,13,PA0DLO,2018-08-05 17:01:00.000,2018-08-05 18:24:40.444,BJ1SNI86C0PD0
DSLWP-B,13,PA0DLO,2018-08-05 17:11:00.000,2018-08-05 18:25:24.899,BJ1SNI86A0PDA
DSLWP-B,13,PA0DLO,2018-08-05 17:21:00.000,2018-08-05 18:26:07.414,BJ1SNI86C0PDK
DSLWP-B,13,PA0DLO,2018-08-05 17:00:00.000,2018-08-05 18:24:11.659,BJ1SNJ86B0PAT
DSLWP-B,13,PA0DLO,2018-08-05 17:10:00.000,2018-08-05 18:25:02.745,BJ1SNJ86C0PA9
DSLWP-B,13,PA0DLO,2018-08-05 17:20:00.000,2018-08-05 18:25:48.221,BJ1SNJ86C0PAJ
DSLWP-B,13,YL3CT,2018-08-05 15:50:00.000,2018-08-05 19:01:15.829,BJ1SNJ86C0OAJ
DSLWP-B,13,YL3CT,2018-08-05 16:00:00.000,2018-08-05 19:01:55.305,BJ1SNJ86D0OAT
DSLWP-B,13,YL3CT,2018-08-05 16:10:00.000,2018-08-05 19:02:37.973,BJ1SNJ86E0OA9
DSLWP-B,13,YL3CT,2018-08-05 16:20:00.000,2018-08-05 19:03:11.155,BJ1SNJ86C0OAJ
DSLWP-B,13,YL3CT,2018-08-05 16:40:00.000,2018-08-05 19:03:59.333,BJ1SNJ86F0OA9
DSLWP-B,13,w2rtv,2018-08-05 15:40:00.000,2018-08-06 02:49:39.014,BJ1SNI8680OD9
DSLWP-B,13,YL3CT,2018-08-05 16:30:00.000,2018-08-05 19:03:35.052,BJ1SNJ86C0OAT
DSLWP-B,13,YL3CT,2018-08-05 16:50:00.000,2018-08-05 19:04:30.610,BJ1SNJ8670PAJ
DSLWP-B,13,YL3CT,2018-08-05 17:00:00.000,2018-08-05 19:05:03.185,BJ1SNJ86B0PAT
DSLWP-B,13,YL3CT,2018-08-05 17:10:00.000,2018-08-05 19:05:28.797,BJ1SNJ86C0PA9
DSLWP-B,13,YL3CT,2018-08-05 17:20:00.000,2018-08-05 19:06:01.306,BJ1SNJ86C0PAJ
DSLWP-B,13,w2rtv,2018-08-05 16:21:00.000,2018-08-06 02:57:13.165,BJ1SNI86C0ODK
DSLWP-B,13,w2rtv,2018-08-05 16:31:00.000,2018-08-06 02:57:47.274,BJ1SNI86E0ODO
DSLWP-B,13,w2rtv,2018-08-05 16:41:00.000,2018-08-06 02:59:00.066,BJ1SNI8650ODO
DSLWP-B,13,w2rtv,2018-08-05 16:51:00.000,2018-08-06 02:59:50.538,BJ1SNI8650ODO
DSLWP-B,13,w2rtv,2018-08-05 17:01:00.000,2018-08-06 03:01:26.876,BJ1SNI86C0PDO
DSLWP-B,13,w2rtv,2018-08-05 17:11:00.000,2018-08-06 03:02:43.724,BJ1SNI86A0PDA
DSLWP-B,13,w2rtv,2018-08-05 15:50:00.000,2018-08-06 02:53:57.425,BJISNI8670ODK
DSLWP-B,13,w2rtv,2018-08-05 16:10:00.000,2018-08-06 02:56:00.788,BJ1SNI8690OD9
DSLWP-B,13,w2rtv,2018-08-05 16:00:00.000,2018-08-06 02:54:50.904,BJ1SNI8690ODT
DSLWP-B,13,w2rtv,2018-08-05 17:21:00.000,2018-08-06 03:03:18.819,BJ1SNI86C0PDK
DSLWP-B,13,N6RFM,2018-08-05 16:21:00.000,2018-08-06 03:53:22.129,BJ1SNI86C0ODK
DSLWP-B,13,N6RFM,2018-08-05 16:31:00.000,2018-08-06 03:53:48.769,BJ1SNI86E0OD0
DSLWP-B,13,N6RFM,2018-08-05 16:41:00.000,2018-08-06 03:54:24.906,BJ1SNI8650OD9
DSLWP-B,13,N6RFM,2018-08-05 15:40:00.000,2018-08-06 03:51:13.521,BJ1SNI8680OD9
DSLWP-B,13,N6RFM,2018-08-05 15:50:00.000,2018-08-06 03:51:45.657,BJ1SNI8670ODK
DSLWP-B,13,N6RFM,2018-08-05 16:00:00.000,2018-08-06 03:52:34.545,BJ1SNI8690ODT
DSLWP-B,13,N6RFM,2018-08-05 16:10:00.000,2018-08-06 03:52:57.017,BJ1SNI860OD9
DSLWP-B,13,N6RFM,2018-08-05 16:00:00.000,2018-08-06 03:52:11.585,BJ1SNI8690DT
DSLWP-B,13,N6RFM,2018-08-05 16:51:00.000,2018-08-06 03:54:51.562,BJ1SNI86D0ODK
DSLWP-B,13,N6RFM,2018-08-05 17:01:00.000,2018-08-06 03:55:17.355,BJ1SNI86C0PD0
DSLWP-B,13,N6RFM,2018-08-05 17:11:00.000,2018-08-06 03:55:43.315,BJ1SNI86A0PDA
DSLWP-B,13,N6RFM,2018-08-05 17:21:00.000,2018-08-06 03:55:59.995,BJ1SNI86C0PDK
DSLWP-B,13,3B8DU,2018-07-30 00:20:00.000,2018-08-08 13:42:00.782,BJ1SNI8690ODJ
DSLWP-B,13,N6RFM,2018-08-05 16:10:00.000,2018-08-06 03:58:10.293,BJ1SNI8690OD9
DSLWP-B,13,DK3WN,2018-06-16 17:40:00.000,2018-08-08 04:43:51.827,BJ1SNJ8681PD9
DSLWP-B,13,3B8DU,2018-08-08 13:38:00.000,2018-08-08 13:39:08.695,Test
DSLWP-B,13,3B8DU,2018-08-08 13:27:00.000,2018-08-08 13:27:40.715,Test
DSLWP-B,13,PA0DLO,2018-08-12 21:51:00.000,2018-08-12 22:54:23.207,BJ1SNI86B0ODJ
DSLWP-B,13,PA0DLO,2018-08-12 22:01:00.000,2018-08-12 22:54:50.915,BJ1SNI8680PD0
DSLWP-B,13,PA0DLO,2018-08-12 21:30:00.000,2018-08-12 22:53:10.010,BJ1SNI8690ODT
DSLWP-B,13,PA0DLO,2018-08-12 21:40:00.000,2018-08-12 22:53:32.830,BJ1SNI8650OD9
DSLWP-B,13,PA0DLO,2018-08-12 21:20:00.000,2018-08-12 22:52:34.138,BJ1SNI86C0ODJ
DSLWP-B,13,3B8DU,2018-07-30 01:01:00.000,2018-08-08 13:50:09.797,BJ1SNI8690ODT
DSLWP-B,13,3B8DU,2018-07-30 00:30:00.000,2018-08-08 13:48:17.768,BJ1SNI86E0OD0
DSLWP-B,13,3B8DU,2018-07-30 00:40:00.000,2018-08-08 13:49:19.265,BJ1SNI86B0ODA
DSLWP-B,13,3B8FA,2018-08-12 21:51:00.000,2018-08-12 22:38:50.298,BJSNI86B0ODJ
DSLWP-B,13,PA0DLO,2018-08-12 22:11:00.000,2018-08-12 22:55:15.221,BJ1SNI86H0PD9
DSLWP-B,13,PA0DLO,2018-08-12 22:21:00.000,2018-08-12 22:55:35.461,BJ1SNI86A0PDK
DSLWP-B,13,PA0DLO,2018-08-12 22:31:00.000,2018-08-12 22:56:00.880,BJ1SNI86A0PD0
DSLWP-B,13,PA0DLO,2018-08-12 22:41:00.000,2018-08-12 22:56:21.241,BJ1SNI8670PD9
DSLWP-B,13,PA0DLO,2018-08-12 22:51:00.000,2018-08-12 22:56:43.325,BJ1SNI8670PDK
DSLWP-B,13,N6RFM,2018-08-12 21:10:00.000,2018-08-13 00:36:04.090,BJ1SNJ86F0OA9
DSLWP-B,13,3B8DU,2018-08-12 21:40:00.000,2018-08-12 23:54:10.246,BJSNI8650OD9
DSLWP-B,13,3B8DU,2018-08-12 21:50:00.000,2018-08-12 23:54:39.281,BJSNI86B0ODG
DSLWP-B,13,3B8DU,2018-08-12 21:20:00.000,2018-08-12 23:53:39.936,BJSNI86C0ODJ
DSLWP-B,13,3B8FA,2018-08-12 21:51:00.000,2018-08-13 14:03:19.155,BJ1SNI86B0ODJ
DSLWP-B,13,N6RFM,2018-08-12 22:11:00.000,2018-08-13 00:37:24.290,BJ1SNI86H0PD9
DSLWP-B,13,N6RFM,2018-08-12 22:21:00.000,2018-08-13 00:37:49.476,BJ1SNI86A0PDK
DSLWP-B,13,N6RFM,2018-08-12 22:31:00.000,2018-08-13 00:38:06.498,BJ1SNI86A0PD0
DSLWP-B,13,N6RFM,2018-08-12 22:41:00.000,2018-08-13 00:38:29.843,BJ1SNI8670PD9
DSLWP-B,13,N6RFM,2018-08-12 22:51:00.000,2018-08-13 00:38:46.891,BJ1SNI8670PDK
DSLWP-B,13,VK5EI,2018-08-14 17:10:00.000,2018-08-14 17:16:07.212,BJ1SNI86A1OD9
DSLWP-B,13,N6RFM,2018-08-12 21:20:00.000,2018-08-13 00:36:34.938,BJ1SNJ86E0OAJ
DSLWP-B,13,VK5EI,2018-08-14 17:30:00.000,2018-08-14 17:31:41.781,BJ1SNI86D3QDT
DSLWP-B,13,PY4ZBZ,2018-08-12 21:10:00.000,2018-08-15 00:56:31.366,BJ1SNI8670OD9
DSLWP-B,13,PY4ZBZ,2018-08-12 21:20:00.000,2018-08-15 00:57:01.316,BJ1SNI86C0ODJ
DSLWP-B,13,YL3CT,2018-08-14 17:10:00.000,2018-08-14 20:47:12.337,BJ1SNJ86D0OA9
DSLWP-B,13,YL3CT,2018-08-14 17:20:00.000,2018-08-14 20:47:42.176,BJ1SNI86B1ODJ
DSLWP-B,13,YL3CT,2018-08-14 18:40:00.000,2018-08-14 20:51:49.204,BJ1SNJ86C0PA9
DSLWP-B,13,YL3CT,2018-08-14 18:50:00.000,2018-08-14 20:52:17.517,BJ1SNJ8670PAJ
DSLWP-B,13,YL3CT,2018-08-14 18:20:00.000,2018-08-14 20:48:55.875,BJ1SNJ8670PAJ
DSLWP-B,13,YL3CT,2018-08-14 18:30:00.000,2018-08-14 20:51:24.985,BJ1SNJ8650PAT
DSLWP-B,13,YL3CT,2018-08-14 17:30:00.000,2018-08-14 20:48:12.526,BJ1SNI86D3QDT
DSLWP-B,13,PY4ZBZ,2018-08-12 21:51:00.000,2018-08-15 00:57:59.619,BJ1SNI86B0ODJ
DSLWP-B,13,PY4ZBZ,2018-08-12 22:01:00.000,2018-08-15 00:58:16.636,BJ1SNI8680PD0
DSLWP-B,13,PY4ZBZ,2018-08-12 22:11:00.000,2018-08-15 00:58:34.003,BJ1SNI86H0PD9
DSLWP-B,13,PY4ZBZ,2018-08-12 22:21:00.000,2018-08-15 00:58:50.500,BJ1SNI86A0PDK
DSLWP-B,13,PY4ZBZ,2018-08-12 22:31:00.000,2018-08-15 00:59:06.676,BJ1SNI86A0PD0
DSLWP-B,13,PY4ZBZ,2018-08-12 21:30:00.000,2018-08-15 00:57:22.548,BJ1SNI8690ODT
DSLWP-B,13,PY4ZBZ,2018-08-12 21:40:00.000,2018-08-15 00:57:39.211,BJ1SNI8650OD9
DSLWP-B,13,YL3CT,2018-08-16 18:10:00.000,2018-08-16 19:23:45.037,BJ1SNJ86A0PA9
DSLWP-B,13,YL3CT,2018-08-16 18:20:00.000,2018-08-16 19:24:24.315,BJ1SNJ86B0PAJ
DSLWP-B,13,VK5EI,2018-08-18 17:21:00.000,2018-08-18 17:22:45.324,BJ1SNI86B0ODJ
DSLWP-B,13,VK5EI,2018-08-18 17:31:00.000,2018-08-18 17:34:45.508,BJ1SNI86E0ODT
DSLWP-B,13,VK5EI,2018-08-18 17:41:00.000,2018-08-18 17:42:43.372,BJ1SNI86E0OD9
DSLWP-B,13,YL3CT,2018-08-16 18:50:00.000,2018-08-16 19:26:21.378,BJ1SNJ86C0PAJ
DSLWP-B,13,VK5EI,2018-08-18 17:00:00.000,2018-08-18 17:05:47.947,BJ1SNI86A0ODT
DSLWP-B,13,YL3CT,2018-08-16 18:30:00.000,2018-08-16 19:25:00.728,BJ1SNJ8690PAT
DSLWP-B,13,YL3CT,2018-08-16 18:40:00.000,2018-08-16 19:25:39.083,BJ1SNJ86A0PA9
DSLWP-B,13,VK5EI,2018-08-18 16:50:00.000,2018-08-18 16:52:54.653,BJ1SNI86C0ODJ
DSLWP-B,13,VK5EI,2018-08-18 17:10:00.000,2018-08-18 17:12:35.389,BJ1SNI86C0ODA
DSLWP-B,13,VK5EI,2018-08-18 17:51:00.000,2018-08-18 17:52:46.017,BJ1SNI8670ODK
DSLWP-B,13,VK5EI,2018-08-18 18:11:00.000,2018-08-18 18:13:08.688,BJ1SNI86A0PDA
DSLWP-B,13,VK5EI,2018-08-18 18:21:00.000,2018-08-18 18:22:51.066,BJ1SNI8660PDK
DSLWP-B,13,3B8DU,2018-08-18 17:30:00.000,2018-08-18 18:46:38.737,BJ1SNJ8670OAT
DSLWP-B,13,3B8DU,2018-08-18 17:40:00.000,2018-08-18 18:47:28.254,BJ1SNJ86D0OA9
DSLWP-B,13,3B8DU,2018-08-18 17:40:00.000,2018-08-18 18:48:00.599,BJ1SNJ86D0OAJ
DSLWP-B,13,3B8DU,2018-08-18 17:40:00.000,2018-08-18 18:48:25.125,BJ1SNJ8690PA9
DSLWP-B,13,3B8DU,2018-08-18 18:20:00.000,2018-08-18 18:49:52.632,BJ1SNJ86A0PAJ
DSLWP-B,13,3B8DU,2018-08-18 18:10:00.000,2018-08-18 18:49:03.766,BJ1SNJ8690PA9
DSLWP-B,13,YL3CT,2018-08-19 00:40:00.000,2018-08-19 03:53:23.487,BJ1SNJ8690OA9
DSLWP-B,13,YL3CT,2018-08-19 01:10:00.000,2018-08-19 03:54:38.771,BJ1SNJ86B0OA9
DSLWP-B,13,YL3CT,2018-08-19 01:20:00.000,2018-08-19 03:55:01.676,BJ1SNJ86B0OAJ
DSLWP-B,13,YL3CT,2018-08-19 01:50:00.000,2018-08-19 03:56:05.298,BJ1SNJ86D0PAJ
DSLWP-B,13,YL3CT,2018-08-19 00:30:00.000,2018-08-19 03:52:56.679,BJ1SNJ86B0OAT
DSLWP-B,13,YL3CT,2018-08-19 00:50:00.000,2018-08-19 03:53:45.851,BJ1SNJ8680OAJ
DSLWP-B,13,YL3CT,2018-08-19 01:00:00.000,2018-08-19 03:54:19.379,BJ1SNJ86C0OAT
DSLWP-B,13,YL3CT,2018-08-19 01:30:00.000,2018-08-19 03:55:22.971,BJ1SNJ86A0PAT
DSLWP-B,13,YL3CT,2018-08-19 01:40:00.000,2018-08-19 03:55:43.828,BJ1SNJ86C0PA9
DSLWP-B,13,OZ1BXM,2018-08-19 02:50:00.000,2018-08-19 05:38:43.218,BJ1SNJ8680OAJ
DSLWP-B,13,OZ1BXM,2018-08-19 01:00:00.000,2018-08-19 05:41:34.412,BJ1SNJ86C0OAT
DSLWP-B,13,OZ1BXM,2018-08-19 01:10:00.000,2018-08-19 05:42:23.419,BJ1SNJ86B0OA9
DSLWP-B,13,OZ1BXM,2018-08-19 01:20:00.000,2018-08-19 05:44:10.447,BJ1SNJ86B0OAJ
DSLWP-B,13,OZ1BXM,2018-08-19 01:30:00.000,2018-08-19 05:44:50.841,BJ1SNJ86A0PAT
DSLWP-B,13,OZ1BXM,2018-08-19 01:50:00.000,2018-08-19 05:45:51.843,BJ1SNJ86D0PAJ
DSLWP-B,13,PY4ZBZ,2018-08-19 06:20:00.000,2018-08-19 18:58:10.214,BJ1SNI8680ODJ
DSLWP-B,13,OZ1BXM,2018-08-19 00:50:00.000,2018-08-19 05:40:02.059,BJ1SNJ8680OAJ
DSLWP-B,13,OZ1BXM,2018-08-19 01:40:00.000,2018-08-19 05:45:21.681,BJ1SNJ86C0PA9
DSLWP-B,13,PY4ZBZ,2018-08-19 06:51:00.000,2018-08-19 19:00:25.566,BJ1SNI86B0O2J
DSLWP-B,13,PY4ZBZ,2018-08-19 07:01:00.000,2018-08-19 19:01:01.845,BJ1SNI8680ODT
DSLWP-B,13,PY4ZBZ,2018-08-19 07:11:00.000,2018-08-19 19:01:29.397,BJ1SNI8680ODA
DSLWP-B,13,PY4ZBZ,2018-08-19 06:30:00.000,2018-08-19 18:58:40.213,BJ1SNI86D0ODT
DSLWP-B,13,PY4ZBZ,2018-08-19 06:50:00.000,2018-08-19 18:59:17.245,BJ1SNJ86G0OAJ
DSLWP-B,13,PY4ZBZ,2018-08-19 07:00:00.000,2018-08-19 18:59:36.493,BJ1SNI86B0O2J
DSLWP-B,13,PY4ZBZ,2018-08-19 07:00:00.000,2018-08-19 19:00:44.109,BJ1SNJ86B0OAT
DSLWP-B,13,PY4ZBZ,2018-08-19 07:10:00.000,2018-08-19 19:01:16.173,BJ1SNJ86I0PA9
DSLWP-B,13,PY4ZBZ,2018-08-19 06:40:00.000,2018-08-19 18:59:01.540,BJ1SNI8670ODA
DSLWP-B,13,PY4ZBZ,2018-08-19 07:21:00.000,2018-08-19 19:01:58.861,BJ1SNI86B0PDJ
DSLWP-B,13,PY4ZBZ,2018-08-19 07:31:00.000,2018-08-19 19:02:30.557,BJ1SNI86C0PD0
DSLWP-B,13,PY4ZBZ,2018-08-19 07:41:00.000,2018-08-19 19:03:02.118,BJ1SNI8690PDA
DSLWP-B,13,PY4ZBZ,2018-08-19 07:51:00.000,2018-08-19 19:03:18.231,BJ1SNI8650PDK
DSLWP-B,13,PY4ZBZ,2018-08-19 07:20:00.000,2018-08-19 19:01:43.669,BJ1SNJ86A0PAJ
DSLWP-B,13,PY4ZBZ,2018-08-19 07:40:00.000,2018-08-19 19:02:48.421,BJ1SNJ86G0PA9
DSLWP-B,13,PY4ZBZ,2018-08-19 07:30:00.000,2018-08-19 19:02:14.677,BJ1SNJ8690PAT
DSLWP-B,13,N6RFM,2018-08-19 07:11:00.000,2018-08-20 06:42:45.236,BJ1SNI8680ODA
DSLWP-B,13,N6RFM,2018-08-19 06:40:00.000,2018-08-20 06:42:02.298,BJ1SNI8670ODA
DSLWP-B,13,BG6LQV,2018-08-23 21:10:00.000,2018-08-23 21:52:15.895,BJ1SNI86B0ODK
DSLWP-B,13,BG6LQV,2018-08-23 21:00:00.000,2018-08-23 21:01:49.950,BJ1SNI8660ODT
DSLWP-B,13,BG6LQV,2018-08-23 21:50:00.000,2018-08-23 21:52:35.046,BJ1SNI86B0ODK
DSLWP-B,13,N6RFM,2018-08-19 07:21:00.000,2018-08-20 06:43:16.639,BJ1SNI86B0PDJ
DSLWP-B,13,BG6LQV,2018-08-23 21:10:00.000,2018-08-23 21:11:23.812,BJ1SNI86A0ODA
DSLWP-B,13,VK5EI,2018-08-23 21:41:00.000,2018-08-23 21:48:56.778,BJ1SNI8650OD9
DSLWP-B,13,VK5EI,2018-08-23 20:50:00.000,2018-08-23 21:17:39.619,BJ1SNI8640ODJ
DSLWP-B,13,VK5EI,2018-08-23 21:00:00.000,2018-08-23 21:18:37.381,BJ1SNI8660ODT
DSLWP-B,13,VK5EI,2018-08-23 21:10:00.000,2018-08-23 21:19:09.401,BJ1SNI86A0ODA
DSLWP-B,13,JA1HCB,2018-08-24 06:21:48.000,2018-08-25 13:18:55.234,BJ1SNI8680ODK
DSLWP-B,13,JA1HCB,2018-08-24 06:10:38.000,2018-08-25 13:29:32.998,BJ1SNI86A0ODA
DSLWP-B,13,JA1HCB,2018-08-23 21:21:00.000,2018-08-23 22:28:32.946,BJ1SNI86800DK
DSLWP-B,13,JA1HCB,2018-08-23 21:31:00.000,2018-08-23 22:29:33.177,BJ1SNI86900D0
DSLWP-B,13,JA1HCB,2018-08-23 21:10:00.000,2018-08-23 22:27:26.398,BJ1SNI86A00DA
DSLWP-B,13,VK5EI,2018-08-23 22:01:00.000,2018-08-23 22:04:34.669,BJ1SNI8660PDT
DSLWP-B,13,VK5EI,2018-08-23 21:51:00.000,2018-08-23 21:52:56.304,BJ1SNI86B0ODK
DSLWP-B,13,VK5EI,2018-08-23 22:11:00.000,2018-08-23 22:12:54.186,BJ1SNI8690PD9
DSLWP-B,13,VK5EI,2018-08-23 22:21:00.000,2018-08-23 22:27:15.568,BJ1SNI86A0PDK
DSLWP-B,13,JA1HCB,2018-08-24 06:31:17.000,2018-08-25 13:32:31.556,BJ1SNI8690OD0
DSLWP-B,13,JA1HCB,2018-08-23 21:21:00.000,2018-08-26 08:36:02.071,BJ1SNI8680ODK
DSLWP-B,13,JA1HCB,2018-08-23 21:31:00.000,2018-08-26 08:40:02.429,BJ1SNI8690OD0
DSLWP-B,13,PY4ZBZ,2018-09-15 00:30:00.000,2018-09-15 06:12:07.734,BJ1SNJ86A0PAT
DSLWP-B,13,PY4ZBZ,2018-09-15 00:20:00.000,2018-09-15 06:11:35.929,BJ1SNJ86F0QAJ
DSLWP-B,13,YL3CT,2018-09-17 00:40:09.000,2018-09-17 02:12:49.363,BJ1SNI8680ODA
DSLWP-B,13,YL3CT,2018-09-17 00:51:09.000,2018-09-17 02:13:26.981,BJ1SNI8650ODK
DSLWP-B,13,YL3CT,2018-09-17 01:11:09.000,2018-09-17 02:15:11.882,BJ1SNI86A0OD9
DSLWP-B,13,YL3CT,2018-09-17 01:01:09.000,2018-09-17 02:14:13.160,BJ1SNI8630ODT
DSLWP-B,13,PY4ZBZ,2018-09-17 01:01:00.000,2018-09-17 03:04:28.992,BJ1SNI8630ODT
DSLWP-B,13,PY4ZBZ,2018-09-17 01:11:00.000,2018-09-17 03:05:03.952,BJ1SNI86A0OD9
DSLWP-B,13,PY4ZBZ,2018-09-17 01:00:00.000,2018-09-17 03:04:08.929,BJ1SNJ86E0OAT
DSLWP-B,13,PY4ZBZ,2018-09-17 01:10:00.000,2018-09-17 03:04:46.040,BJ1SNJ86B0OA9
DSLWP-B,13,PY4ZBZ,2018-09-16 23:50:00.000,2018-09-17 03:03:46.803,BJ1SNJ8670OAJ
DSLWP-B,13,YL3CT,2018-09-17 01:21:09.000,2018-09-17 02:15:47.460,BJ1SNI8680ODK
DSLWP-B,13,YL3CT,2018-09-17 01:31:09.000,2018-09-17 02:16:18.448,BJ1SNI8660PD0
DSLWP-B,13,YL3CT,2018-09-17 01:41:09.000,2018-09-17 02:16:55.331,BJ1SNI8690PDA
DSLWP-B,13,YL3CT,2018-09-17 01:51:09.000,2018-09-17 02:17:33.435,BJ1SNI8680PDJ
DSLWP-B,13,PY4ZBZ,2018-09-17 01:21:00.000,2018-09-17 03:05:34.424,BJ1SNI8680ODK
DSLWP-B,13,PY4ZBZ,2018-09-17 01:31:00.000,2018-09-17 03:06:09.744,BJ1SNI8660PD0
DSLWP-B,13,PY4ZBZ,2018-09-17 01:41:00.000,2018-09-17 03:06:42.560,BJ1SNI8690PDA
DSLWP-B,13,PY4ZBZ,2018-09-17 01:51:00.000,2018-09-17 03:07:14.025,BJ1SNI8680PDJ
DSLWP-B,13,PY4ZBZ,2018-09-17 01:20:00.000,2018-09-17 03:05:17.632,BJ1SNJ8670PAJ
DSLWP-B,13,PY4ZBZ,2018-09-17 01:40:00.000,2018-09-17 03:06:26.257,BJ1SNJ86D0PA9
DSLWP-B,13,PA0DLO,2018-09-17 00:20:00.000,2018-09-17 18:53:25.227,BJ1SNJ86F0OAJ
DSLWP-B,13,PY4ZBZ,2018-09-17 01:30:00.000,2018-09-17 03:05:54.297,BJ1SNJ8690PAT
DSLWP-B,13,PY4ZBZ,2018-09-17 01:50:00.000,2018-09-17 03:06:59.696, BJ1SNJ8670PA
DSLWP-B,13,PA0DLO,2018-09-17 01:11:00.000,2018-09-17 18:56:23.406,BJ1SNI86A0OD9
DSLWP-B,13,PA0DLO,2018-09-17 01:21:00.000,2018-09-17 18:57:14.667,BJ1SNI8680ODK
DSLWP-B,13,PA0DLO,2018-09-17 00:30:00.000,2018-09-17 18:53:53.195,BJ1SNJ8680OAT
DSLWP-B,13,PA0DLO,2018-09-17 00:50:00.000,2018-09-17 18:54:50.835,BJ1SNJ8670OAJ
DSLWP-B,13,PA0DLO,2018-09-17 01:00:00.000,2018-09-17 18:55:25.956,BJ1SNJ86E0OAT
DSLWP-B,13,PA0DLO,2018-09-17 01:10:00.000,2018-09-17 18:55:53.792,BJ1SNJ86B0OA9
DSLWP-B,13,PA0DLO,2018-09-17 01:20:00.000,2018-09-17 18:56:49.424,BJ1SNJ8670PAJ
DSLWP-B,13,PA0DLO,2018-09-17 00:40:00.000,2018-09-17 18:54:22.368,BJ1SNJ86A0OA9
DSLWP-B,13,PA0DLO,2018-09-17 01:30:00.000,2018-09-17 18:57:37.991,BJ1SNJ8690PAT
DSLWP-B,13,PA0DLO,2018-09-17 01:31:00.000,2018-09-17 18:58:02.558,BJ1SNI8660PD0
DSLWP-B,13,PA0DLO,2018-09-17 01:41:00.000,2018-09-17 18:58:56.033,BJ1SNI8690PDA
DSLWP-B,13,PA0DLO,2018-09-17 01:51:00.000,2018-09-17 18:59:52.257,BJ1SNI8680PDJ
DSLWP-B,13,LU1HKO,2018-09-17 00:30:00.000,2018-09-18 02:52:29.409,BJ1SNI86A0ODT
DSLWP-B,13,PA0DLO,2018-09-17 01:40:00.000,2018-09-17 18:58:28.952,BJ1SNJ86D0PA9
DSLWP-B,13,PA0DLO,2018-09-17 01:50:00.000,2018-09-17 18:59:23.480,BJ1SNJ8670PAJ
DSLWP-B,13,W2RTV,2018-09-15 05:31:00.000,2018-09-18 02:48:42.658,BJ1SNI86F0PDT
DSLWP-B,13,W2RTV,2018-09-15 05:41:00.000,2018-09-18 02:49:15.427,BJ1SNI8660PD9
DSLWP-B,13,W2RTV,2018-09-15 05:51:00.000,2018-09-18 02:49:50.050,BJ1SNI86A0PDK
DSLWP-B,13,lu1hko,2018-09-20 00:30:06.000,2018-09-20 06:27:57.637,BJ1SNI86A0ODT
DSLWP-B,13,LU1HKO,2018-09-17 00:20:00.000,2018-09-18 02:53:18.199,BJ1SNI8690ODJ
DSLWP-B,13,LU1HKo,2018-09-17 00:20:00.000,2018-09-18 03:13:10.085,BJ1SNI8690ODJ
DSLWP-B,13,lu1hko,2018-09-17 00:20:00.000,2018-09-18 03:44:32.840,BJ1SNI8690ODJ
DSLWP-B,13,lu1hko,2018-09-20 06:26:00.000,2018-09-20 06:27:02.591,BJ1SNI86A0ODT
DSLWP-B,13,LU1HKO,2018-09-17 00:40:00.000,2018-09-18 02:52:50.455,BJ1SNI8680ODA
DSLWP-B,13,LU1HKO,2018-09-17 00:40:00.000,2018-09-18 08:06:08.112,BJ1SNI8680ODA
DSLWP-B,13,lu1hko,2018-09-20 00:30:00.000,2018-09-20 06:27:19.840,BJ1SNI86A0ODT
DSLWP-B,13,lu1hko,2018-09-20 00:30:00.000,2018-09-20 06:27:43.022,BJ1SNI86A0ODT
DSLWP-B,13,LU1HKO,2018-09-16 21:30:06.000,2018-09-20 06:42:29.464,BJ1SNI86A0ODT
DSLWP-B,13,LU1HKO,2018-09-19 21:40:06.000,2018-09-20 06:32:25.806,BJ1SNI8680ODA
DSLWP-B,13,LU1HKO,2018-09-19 21:30:06.000,2018-09-20 06:33:52.991,BJ1SNI86A0ODT
DSLWP-B,13,LU1HKO,2018-09-22 03:31:00.000,2018-09-22 05:38:35.592,BJ1SNI8670PD0
DSLWP-B,13,LU1HKO,2018-09-22 03:41:00.000,2018-09-22 05:43:10.813,BJ1SNI86B0PDA
DSLWP-B,13,YL3CT,2018-09-22 04:20:09.000,2018-09-22 06:10:07.525,BJ1SNI8650ODK
DSLWP-B,13,YL3CT,2018-09-22 04:40:09.000,2018-09-22 06:11:14.894,BJ1SNI86E0O29
DSLWP-B,13,YL3CT,2018-09-22 05:01:09.000,2018-09-22 06:12:07.981,BJ1SNI86C0PD0
DSLWP-B,13,YL3CT,2018-09-22 04:30:09.000,2018-09-22 06:10:41.355,BJ1SNI8670ODT
DSLWP-B,13,LU1HKO,2018-09-22 10:31:00.000,2018-09-22 10:32:47.528,BJ1SNI8690PDT
DSLWP-B,13,BG6LQV,2018-09-23 22:10:00.000,2018-09-23 22:12:33.237,BJ1SNI8690OD9
DSLWP-B,13,YL3CT,2018-09-22 05:11:09.000,2018-09-22 06:12:37.111,BJ1SNI86A0PDA
DSLWP-B,13,YL3CT,2018-09-22 05:21:09.000,2018-09-22 06:13:06.271,BJ1SNI86F0PDJ
DSLWP-B,13,YL3CT,2018-09-22 05:31:09.000,2018-09-22 06:13:30.514,BJ1SNI8670PD0
DSLWP-B,13,YL3CT,2018-09-22 05:41:09.000,2018-09-22 06:14:14.092,BJ1SNI86B0PDA
DSLWP-B,13,YL3CT,2018-09-22 05:51:09.000,2018-09-22 06:14:43.692,BJ1SNI8660PDK
DSLWP-B,13,VK5EI,2018-09-23 22:21:00.000,2018-09-23 22:25:57.868,BJ1SNI8670PDJ
DSLWP-B,13,VK5EI,2018-09-23 22:00:00.000,2018-09-23 22:06:10.222,BJ1SNI8670DT
DSLWP-B,13,PY4ZBZ,2018-09-22 05:01:00.000,2018-09-24 03:47:24.975,BJ1SNI86C0PD0
DSLWP-B,13,PY4ZBZ,2018-09-22 05:11:00.000,2018-09-24 03:47:41.660,BJ1SNI86A0PDA
DSLWP-B,13,PY4ZBZ,2018-09-22 04:30:00.000,2018-09-24 03:46:51.736,BJ1SNI8670ODT
DSLWP-B,13,PY4ZBZ,2018-09-22 04:40:00.000,2018-09-24 03:47:08.344,BJ1SNI86E0O29
DSLWP-B,13,BG6LQV,2018-09-23 22:31:00.000,2018-09-23 22:32:52.707,BJ1SNI86A0PD0
DSLWP-B,13,BG6LQV,2018-09-23 22:41:00.000,2018-09-23 22:43:08.459,BJ1SNI86A0PDA
DSLWP-B,13,VK5EI,2018-09-23 23:01:00.000,2018-09-23 23:02:53.536,BJ1SNI8670PDO
DSLWP-B,13,VK5EI,2018-09-23 23:11:00.000,2018-09-23 23:16:46.120,BJ1SNI86C0PDA
DSLWP-B,13,VK5EI,2018-09-23 23:21:00.000,2018-09-23 23:23:18.741,BJ1SNI8660PDK
DSLWP-B,13,PY4ZBZ,2018-09-22 05:21:00.000,2018-09-24 03:48:02.894,BJ1SNI86F0PDJ
DSLWP-B,13,PY4ZBZ,2018-09-22 05:31:00.000,2018-09-24 03:48:20.485,BJ1SNI8670PD0
DSLWP-B,13,PY4ZBZ,2018-09-22 05:41:00.000,2018-09-24 03:48:35.087,BJ1SNI86B0PDA
DSLWP-B,13,PY4ZBZ,2018-09-22 05:51:00.000,2018-09-24 03:48:52.295,BJ1SNI8660PDK
DSLWP-B,13,PY4ZBZ,2018-09-23 11:11:00.000,2018-09-24 03:50:55.986,BJ1SNI8670ODA
DSLWP-B,13,PY4ZBZ,2018-09-23 11:21:00.000,2018-09-24 03:51:10.951,BJ1SNI8690ODJ
DSLWP-B,13,PY4ZBZ,2018-09-23 10:30:00.000,2018-09-24 03:49:39.423,BJ1SNI86B0ODT
DSLWP-B,13,PY4ZBZ,2018-09-23 10:40:00.000,2018-09-24 03:49:57.852,BJ1SNI86A0OD9
DSLWP-B,13,PY4ZBZ,2018-09-23 11:00:00.000,2018-09-24 03:50:36.092,BJ1SNI8680ODT
DSLWP-B,13,PY4ZBZ,2018-09-23 11:31:00.000,2018-09-24 03:51:28.071,BJ1SNI8680OD0
DSLWP-B,13,PY4ZBZ,2018-09-23 11:41:00.000,2018-09-24 03:51:43.042, BJ1SNI86B0OD
DSLWP-B,13,PY4ZBZ,2018-09-23 11:51:00.000,2018-09-24 03:51:58.048,BJ1SNI8690PDJ
DSLWP-B,13,VK5EI,2018-09-30 03:51:00.000,2018-09-30 03:53:44.404,BJ1SNI8680PDK
DSLWP-B,13,VK5EI,2018-09-30 04:01:00.000,2018-09-30 04:04:00.056,BJ1SNI86B0PDT
DSLWP-B,13,VK5EI,2018-09-30 03:20:00.000,2018-09-30 03:23:49.133,BJ1SNI8680ODJ
DSLWP-B,13,VK5EI,2018-09-30 03:10:00.000,2018-09-30 03:13:47.321,BJ1SNI8690OD9
DSLWP-B,13,VK5EI,2018-09-30 03:30:00.000,2018-09-30 03:32:49.541,BJ1SNI86D0OD0
DSLWP-B,13,VK5EI,2018-09-30 03:40:00.000,2018-09-30 03:42:23.859,BJ1SNI86C0OD9
DSLWP-B,13,YL3CT,2018-09-30 03:10:10.000,2018-09-30 05:14:34.395,BJ1SNI8690OD9
DSLWP-B,13,YL3CT,2018-09-30 03:20:10.000,2018-09-30 05:15:19.152,BJ1SNI8680ODJ
DSLWP-B,13,YL3CT,2018-09-30 03:30:10.000,2018-09-30 05:15:55.832,BJ1SNI86D0OD0
DSLWP-B,13,VK5EI,2018-09-30 04:11:00.000,2018-09-30 04:13:32.551,BJ1SNI8650PD9
DSLWP-B,13,YL3CT,2018-09-30 04:11:10.000,2018-09-30 05:16:39.589,BJ1SNI8650PD9
DSLWP-B,13,YL3CT,2018-09-30 04:21:10.000,2018-09-30 05:17:07.356,BJ1SNI8660PDJ
DSLWP-B,13,VK5EI,2018-09-30 04:21:00.000,2018-09-30 04:24:09.199,BJ1SNI8660PDJ
DSLWP-B,13,VK5EI,2018-09-30 04:31:00.000,2018-09-30 04:33:12.349,BJ1SNI86A0PD0
DSLWP-B,13,VK5EI,2018-09-30 04:51:00.000,2018-09-30 04:54:27.763,BJ1SNI86A0PDJ
DSLWP-B,13,YL3CT,2018-09-30 10:40:10.000,2018-09-30 12:40:26.151,BJ1SNI8660OD9
DSLWP-B,13,YL3CT,2018-09-30 10:50:10.000,2018-09-30 12:41:00.745,BJ1SNI86A0ODJ
DSLWP-B,13,YL3CT,2018-09-30 11:10:10.000,2018-09-30 12:42:13.281,BJ1SNI8690ODA
DSLWP-B,13,YL3CT,2018-09-30 11:21:10.000,2018-09-30 12:43:05.289,BJ1SNI8650ODK
DSLWP-B,13,YL3CT,2018-09-30 11:31:10.000,2018-09-30 12:43:31.956,BJ1SNI8660OD0
DSLWP-B,13,YL3CT,2018-09-30 04:31:10.000,2018-09-30 05:17:43.494,BJ1SNI86A0PD0
DSLWP-B,13,YL3CT,2018-09-30 04:41:10.000,2018-09-30 05:18:06.547,BJ1SNI86E0PD9
DSLWP-B,13,YL3CT,2018-09-30 04:51:10.000,2018-09-30 05:18:32.134,BJ1SNI86A0PDJ
DSLWP-B,13,YL3CT,2018-09-30 11:00:10.000,2018-09-30 12:41:39.125,BJ1SNI8680ODT
DSLWP-B,13,PA0DLO,2018-09-30 17:20:00.000,2018-09-30 19:32:06.176,BJ1SNJ86E0PAJ
DSLWP-B,13,PA0DLO,2018-09-30 17:30:00.000,2018-09-30 19:32:33.668,BJ1SNJ8670PAT
DSLWP-B,13,PA0DLO,2018-09-30 17:00:00.000,2018-09-30 19:31:26.351,BJ1SNJ86C0OAT
DSLWP-B,13,PA0DLO,2018-09-30 17:40:00.000,2018-09-30 19:32:57.001,BJ1SNJ86B0PA9
DSLWP-B,13,YL3CT,2018-09-30 11:41:10.000,2018-09-30 12:44:03.815,BJ1SNI8680ODA
DSLWP-B,13,YL3CT,2018-09-30 11:51:10.000,2018-09-30 12:44:36.821,BJ1SNI86A0ODJ
DSLWP-B,13,YL3CT,2018-09-30 12:11:10.000,2018-09-30 12:45:40.642,BJ1SNI86A0PD9
DSLWP-B,13,YL3CT,2018-09-30 12:01:10.000,2018-09-30 12:45:11.583,BJ1SNI8660PDT
DSLWP-B,13,YL3CT,2018-09-30 12:21:10.000,2018-09-30 12:46:13.828,BJ1SNI86A0PDK
DSLWP-B,13,PY4ZBZ,2018-09-30 17:21:00.000,2018-09-30 20:23:03.833,BJ1SNI8670PDK
DSLWP-B,13,PY4ZBZ,2018-09-30 17:31:00.000,2018-09-30 20:23:19.497,BJ1SNI8690PDT
DSLWP-B,13,PY4ZBZ,2018-09-30 17:41:00.000,2018-09-30 20:23:51.025,BJ1SNI86A0PDA
DSLWP-B,13,PY4ZBZ,2018-09-30 17:51:00.000,2018-09-30 20:24:07.001,BJ1SNI8680PDK
DSLWP-B,13,PY4ZBZ,2018-09-30 18:01:00.000,2018-09-30 20:24:27.241,BJ1SNI8680PDT
DSLWP-B,13,PY4ZBZ,2018-09-30 17:10:00.000,2018-09-30 20:22:47.635,BJ1SNI86C0ODA
DSLWP-B,13,PY4ZBZ,2018-09-30 17:40:00.000,2018-09-30 20:23:37.193,BJ1SNJ8680PAJ
DSLWP-B,13,PY4ZBZ,2018-09-30 18:10:00.000,2018-09-30 20:24:42.242,BJ1SNJ86E0PA9
DSLWP-B,13,PA0DLO,2018-09-30 17:50:00.000,2018-09-30 19:33:27.832,BJ1SNJ8680PAJ
DSLWP-B,13,PY4ZBZ,2018-09-30 18:11:00.000,2018-09-30 20:24:54.856,BJ1SNI86B0PDA
DSLWP-B,13,PY4ZBZ,2018-09-30 18:21:00.000,2018-09-30 20:25:08.890,BJ1SNI86B0PDJ
DSLWP-B,13,N6RFM,2018-09-22 10:31:00.000,2018-10-03 07:03:26.557,BJ1SNI8690PDT
DSLWP-B,13,N6RFM,2018-09-22 10:41:00.000,2018-10-03 07:03:42.501,BJ1SNI8670PD9
DSLWP-B,13,N6RFM,2018-09-22 10:51:00.000,2018-10-03 07:03:54.783,BJ1SNI8670P2K
DSLWP-B,13,N6RFM,2018-09-22 10:00:00.000,2018-10-03 07:02:37.877,BJ1SNI8650ODT
DSLWP-B,13,N6RFM,2018-09-22 10:10:00.000,2018-10-03 07:02:52.325,BJ1SNI8650OD9
DSLWP-B,13,N6RFM,2018-09-22 10:20:00.000,2018-10-03 07:03:09.205,BJ1SNI86B0ODJ
DSLWP-B,13,N6RFM,2018-09-22 09:50:00.000,2018-10-03 07:02:20.160,BJ1SNI86A0ODJ
DSLWP-B,13,N6RFM,2018-09-22 11:01:00.000,2018-10-03 07:04:20.083,BJ1SNI8670PD0
DSLWP-B,13,N6RFM,2018-09-22 11:11:00.000,2018-10-03 07:04:33.443,BJ1SNI86F0PD9
DSLWP-B,13,N6RFM,2018-09-22 11:21:00.000,2018-10-03 07:04:45.501,BJ1SNI86B0PDK
DSLWP-B,13,N6RFM,2018-09-22 11:31:00.000,2018-10-03 07:04:59.906,BJ1SNI86E0PD0
DSLWP-B,13,N6RFM,2018-09-30 17:21:00.000,2018-10-03 07:06:09.836,BJ1SNI8670PDK
DSLWP-B,13,N6RFM,2018-09-30 17:31:00.000,2018-10-03 07:06:24.885,BJ1SNI8690PDT
DSLWP-B,13,N6RFM,2018-09-30 17:41:00.000,2018-10-03 07:06:39.323,BJ1SNI86A0PDA
DSLWP-B,13,N6RFM,2018-09-30 17:51:00.000,2018-10-03 07:06:51.187,BJ1SNI8680PDK
DSLWP-B,13,N6RFM,2018-09-30 17:10:00.000,2018-10-03 07:05:56.667,BJ1SNI86C0ODA
DSLWP-B,13,N6RFM,2018-09-30 18:11:00.000,2018-10-03 07:07:31.035,BJ1SNI86B0PDA
DSLWP-B,13,N6RFM,2018-09-30 18:21:00.000,2018-10-03 07:07:49.123,BJ1SNI86B0PDJ
DSLWP-B,13,N6RFM,2018-09-30 18:10:00.000,2018-10-03 07:07:14.539,BJ1SNI8680PDT
DSLWP-B,13,N6RFM,2018-09-30 17:20:00.000,2018-10-03 07:08:15.209,BJ1SNJ86E0PAJ
DSLWP-B,13,N6RFM,2018-09-30 17:30:00.000,2018-10-03 07:08:33.922,BJ1SNJ8670PAT
DSLWP-B,13,N6RFM,2018-09-30 17:40:00.000,2018-10-03 07:08:47.651,BJ1SNJ86B0PA9
DSLWP-B,13,N6RFM,2018-09-30 18:00:00.000,2018-10-03 07:09:23.898,BJ1SNJ86H0PAT
DSLWP-B,13,N6RFM,2018-09-30 18:10:00.000,2018-10-03 07:09:37.651,BJ1SNJ86E0PA9
DSLWP-B,13,N6RFM,2018-09-30 17:50:00.000,2018-10-03 07:09:00.882,BJ1SNJ8680PAJ
DSLWP-B,13,N6RFM,2018-09-23 11:11:00.000,2018-10-03 07:11:43.369,BJ1SNI8670ODA
DSLWP-B,13,N6RFM,2018-09-23 11:21:00.000,2018-10-03 07:11:57.120,BJ1SNI8690ODJ
DSLWP-B,13,N6RFM,2018-09-23 11:31:00.000,2018-10-03 07:12:11.432,BJ1SNI8680OD0
DSLWP-B,13,N6RFM,2018-09-23 11:41:00.000,2018-10-03 07:12:23.729,BJ1SNI86B0ODA
DSLWP-B,13,N6RFM,2018-09-23 11:51:00.000,2018-10-03 07:12:36.456,BJ1SNI8690PDJ
DSLWP-B,13,N6RFM,2018-09-23 10:30:00.000,2018-10-03 07:10:34.081, BJ1SNI86B0OD
DSLWP-B,13,N6RFM,2018-09-23 10:40:00.000,2018-10-03 07:10:50.513,BJ1SNI86A0OD9
DSLWP-B,13,N6RFM,2018-09-23 11:00:00.000,2018-10-03 07:11:24.705,BJ1SNI8680ODT
DSLWP-B,13,N6RFM,2018-09-23 10:50:00.000,2018-10-03 07:11:10.258,BJ1SNI86G0ODK
DSLWP-B,13,N6RFM,2018-09-23 12:01:00.000,2018-10-03 07:12:51.714,BJ1SNI8680PD0
DSLWP-B,13,N6RFM,2018-09-23 12:11:00.000,2018-10-03 07:13:05.096,BJ1SNI86D0PD9
DSLWP-B,13,N6RFM,2018-09-29 16:21:00.000,2018-10-03 07:23:51.157,BJ1SNI8690PDK
DSLWP-B,13,N6RFM,2018-09-29 16:31:00.000,2018-10-03 07:24:06.285,BJ1SNI86E0PDT
DSLWP-B,13,N6RFM,2018-09-29 16:41:00.000,2018-10-03 07:24:20.573,BJ1SNI86D0PD9
DSLWP-B,13,N6RFM,2018-09-29 16:51:00.000,2018-10-03 07:24:35.117,BJ1SNI8670PDJ
DSLWP-B,13,YL3CT,2018-10-06 22:05:11.000,2018-10-06 23:22:27.833,BJ1SNI8690OD4
DSLWP-B,13,YL3CT,2018-10-06 22:15:11.000,2018-10-06 23:23:05.507,BJ1SNI8670PDE
DSLWP-B,13,YL3CT,2018-10-06 22:25:11.000,2018-10-06 23:23:37.754,BJ1SNI86C0PDO
DSLWP-B,13,PA0DLO,2018-10-06 22:46:00.000,2018-10-07 03:23:37.567,BJ1SNI8670PDE
DSLWP-B,13,PA0DLO,2018-10-06 22:56:00.000,2018-10-07 03:24:00.328,BJ1SNI86C0PDP
DSLWP-B,13,PA0DLO,2018-10-06 23:06:00.000,2018-10-07 03:24:30.849,BJ1SNI8690PD4
DSLWP-B,13,PA0DLO,2018-10-06 22:35:00.000,2018-10-07 03:23:02.203,BJ1SNI86A0PD4
DSLWP-B,13,PA0DLO,2018-10-06 22:25:00.000,2018-10-07 03:22:30.067,BJ1SNI86C0PDO
DSLWP-B,13,YL3CT,2018-10-06 22:35:11.000,2018-10-06 23:24:02.877,BJ1SNI86A0PD4
DSLWP-B,13,YL3CT,2018-10-06 22:46:11.000,2018-10-06 23:24:35.395,BJ1SNI8670PDE
DSLWP-B,13,YL3CT,2018-10-06 22:56:11.000,2018-10-06 23:25:02.907,BJ1SNI86C0PDP
DSLWP-B,13,YL3CT,2018-10-06 23:06:11.000,2018-10-06 23:25:46.578,BJ1SNI8690PD4
DSLWP-B,13,PA0DLO,2018-10-06 23:16:00.000,2018-10-07 03:24:53.665,BJ1SNI86A0PDF
DSLWP-B,13,PA0DLO,2018-10-06 23:36:00.000,2018-10-07 03:25:52.174,BJ1SNI8690PD5
DSLWP-B,13,PA0DLO,2018-10-06 23:46:00.000,2018-10-07 03:26:28.038,BJ1SNI86C0PDF
DSLWP-B,13,PA0DLO,2018-10-06 23:26:00.000,2018-10-07 03:25:20.362,BJ1SNI8690PDO
DSLWP-B,13,PY4ZBZ,2018-10-06 22:05:00.000,2018-10-07 03:46:41.350,BJ1SNI8690OD4
DSLWP-B,13,PY4ZBZ,2018-10-06 22:15:00.000,2018-10-07 03:46:56.188,BJ1SNI8670PDE
DSLWP-B,13,PY4ZBZ,2018-10-06 22:25:00.000,2018-10-07 03:47:09.419,BJ1SNI86C0PDO
DSLWP-B,13,JA1HCB,2018-10-07 13:30:00.000,2018-10-07 13:40:12.027,BJ1SNI8640ODT
DSLWP-B,13,PY4ZBZ,2018-10-06 22:35:00.000,2018-10-07 03:47:24.444,BJ1SNI86A0PD4
DSLWP-B,13,JA1HCB,2018-10-07 13:40:00.000,2018-10-07 13:43:38.282,BJ1SNI86B0OD9
DSLWP-B,13,YL3CT,2018-10-07 14:11:00.000,2018-10-07 15:50:11.264,BJ1SNI86D0PDA
DSLWP-B,13,YL3CT,2018-10-07 14:21:00.000,2018-10-07 15:50:42.329,BJ1SNI86A0PDK
DSLWP-B,13,YL3CT,2018-10-07 14:41:00.000,2018-10-07 15:51:33.623,BJ1SNI8670PDA
DSLWP-B,13,YL3CT,2018-10-07 14:51:00.000,2018-10-07 15:52:02.706,BJ1SNI8680PDJ
DSLWP-B,13,YL3CT,2018-10-07 14:01:00.000,2018-10-07 15:49:46.834,BJ1SNI8660PDT
DSLWP-B,13,YL3CT,2018-10-07 14:31:00.000,2018-10-07 15:51:11.752,BJ1SNI8640PDT
DSLWP-B,13,YL3CT,2018-10-07 13:40:00.000,2018-10-07 15:48:36.361,BJ1SNI86B0OD9
DSLWP-B,13,YL3CT,2018-10-07 13:50:00.000,2018-10-07 15:49:05.171,BJ1SNI8690ODJ
DSLWP-B,13,sp5uln,2018-06-16 18:01:00.000,2018-10-07 21:13:02.780,BJ1SNJ8661PDT
DSLWP-B,13,sp5uln,2018-06-16 18:11:00.000,2018-10-07 21:15:05.316,BJ1SNJ8691PDA
DSLWP-B,13,PY4ZBZ,2018-10-07 19:11:00.000,2018-10-07 20:45:33.875,BJ1SNJ86A0PAA
DSLWP-B,13,PY4ZBZ,2018-10-07 19:21:00.000,2018-10-07 20:45:48.040,BJ1SNJ86B0PAK
DSLWP-B,13,PY4ZBZ,2018-10-07 19:31:00.000,2018-10-07 20:46:04.320,BJ1SNJ86A0QA0
DSLWP-B,13,PY4ZBZ,2018-10-07 19:41:00.000,2018-10-07 20:46:18.162,BJ1SNJ86B0QAA
DSLWP-B,13,PY4ZBZ,2018-10-07 19:51:00.000,2018-10-07 20:46:33.072,BJ1SNJ86C0QAJ
DSLWP-B,13,YL3CT,2018-10-07 15:11:00.000,2018-10-07 15:53:07.987,BJ1SNI86C0PD9
DSLWP-B,13,YL3CT,2018-10-07 15:01:00.000,2018-10-07 15:52:43.580,BJ1SNI8670PDT
DSLWP-B,13,sp5uln,2018-06-16 18:21:00.000,2018-10-07 21:16:01.701,BJ1SNJ86A1PDK
DSLWP-B,13,sp5uln,2018-06-16 18:31:00.000,2018-10-07 21:16:55.541,BJ1SNJ86A1PDT
DSLWP-B,13,sp5uln,2018-06-16 18:41:00.000,2018-10-07 21:17:40.701,BJ1SNJ8671PDA
DSLWP-B,13,sp5uln,2018-07-14 23:51:00.000,2018-10-07 21:20:36.501,BJ1SNJ86D0PDK
DSLWP-B,13,sp5uln,2018-07-15 00:01:00.000,2018-10-07 21:21:21.797,BJ1SNJ8630PDT
DSLWP-B,13,sp5uln,2018-07-15 00:11:00.000,2018-10-07 21:22:11.657,BJ1SNJ86B0PD9
DSLWP-B,13,sp5uln,2018-07-15 00:21:00.000,2018-10-07 21:22:50.207,BJ1SNJ86A0PDK
DSLWP-B,13,sp5uln,2018-07-15 00:31:00.000,2018-10-07 21:24:01.802,BJ1SNJ86D0PD0
DSLWP-B,13,sp5uln,2018-07-14 23:40:00.000,2018-10-07 21:19:23.647,BJ1SNJ86E0PDA
DSLWP-B,13,sp5uln,2018-07-15 00:41:00.000,2018-10-07 21:24:40.397,BJ1SNJ86A0PD9
DSLWP-B,13,sp5uln,2018-07-15 17:21:00.000,2018-10-07 21:29:30.787,BJ1SNJ8690PDJ
DSLWP-B,13,sp5uln,2018-07-15 17:31:00.000,2018-10-07 21:29:52.368,BJ1SNJ8680PDT
DSLWP-B,13,sp5uln,2018-07-15 17:41:00.000,2018-10-07 21:30:10.428,BJ1SNJ86B0PD9
DSLWP-B,13,sp5uln,2018-07-15 17:51:00.000,2018-10-07 21:30:34.222,BJ1SNJ86B0PDK
DSLWP-B,13,sp5uln,2018-07-15 16:50:00.000,2018-10-07 21:28:22.222,BJ1SNJ8690PDJ
DSLWP-B,13,sp5uln,2018-07-15 17:00:00.000,2018-10-07 21:28:50.763,BJ1SNJ8630PDT
DSLWP-B,13,sp5uln,2018-07-15 17:10:00.000,2018-10-07 21:29:11.523,BJ1SNJ8670PDA
DSLWP-B,13,sp5uln,2018-07-15 16:40:00.000,2018-10-07 21:27:59.243,BJ1SNJ86B0PD9
DSLWP-B,13,sp5uln,2018-07-15 18:01:00.000,2018-10-07 21:31:05.238,BJ1SNJ86B0PD0
DSLWP-B,13,sp5uln,2018-07-15 18:11:00.000,2018-10-07 21:31:25.108,BJ1SNJ8660PDA
DSLWP-B,13,sp5uln,2018-07-15 18:21:00.000,2018-10-07 21:31:43.522,BJ1SNJ86A0PDJ
DSLWP-B,13,sp5uln,2018-10-07 14:01:00.000,2018-10-07 21:35:22.823,BJ1SNI8660PDT
DSLWP-B,13,sp5uln,2018-10-07 14:11:00.000,2018-10-07 21:35:43.188,BJ1SNI86D0PDA
DSLWP-B,13,sp5uln,2018-10-07 14:21:00.000,2018-10-07 21:36:00.723,BJ1SNI86A0PDK
DSLWP-B,13,sp5uln,2018-10-07 14:31:00.000,2018-10-07 21:36:22.778,BJ1SNI8640PDT
DSLWP-B,13,sp5uln,2018-10-07 13:40:00.000,2018-10-07 21:34:27.754,BJ1SNI86B0OD9
DSLWP-B,13,sp5uln,2018-10-07 13:50:00.000,2018-10-07 21:34:55.493,BJ1SNI8690ODJ
DSLWP-B,13,sp5uln,2018-10-07 14:41:00.000,2018-10-07 21:36:45.413,BJ1SNI8670PDA
DSLWP-B,13,sp5uln,2018-10-07 14:51:00.000,2018-10-07 21:37:01.444,BJ1SNI8680PDJ
DSLWP-B,13,sp5uln,2018-10-07 15:01:00.000,2018-10-07 21:37:24.518,BJ1SNI8670PDT
DSLWP-B,13,sp5uln,2018-10-07 15:11:00.000,2018-10-07 21:37:43.748,BJ1SNI86C0PD9
DSLWP-B,13,SQ5KTM,2018-07-14 15:51:00.000,2018-10-07 23:15:39.512,BJ1SNJ8060PDK
DSLWP-B,13,SQ5KTM,2018-07-14 16:01:00.000,2018-10-07 23:15:55.079,BJ1SNJ80A0PD0
DSLWP-B,13,SQ5KTM,2018-07-14 16:11:00.000,2018-10-07 23:16:32.451,BJ1SNJ8070PDA
DSLWP-B,13,SQ5KTM,2018-07-14 16:21:00.000,2018-10-07 23:16:42.001,BJ1SNJ8040PDK
DSLWP-B,13,SQ5KTM,2018-07-14 15:40:00.000,2018-10-07 23:11:37.176,BJ1SNJ80A0OD9
DSLWP-B,13,SQ5KTM,2018-07-14 16:31:00.000,2018-10-07 23:16:51.408,BJ1SNJ8070PD0
DSLWP-B,13,SQ5KTM,2018-07-14 16:41:00.000,2018-10-07 23:17:00.956,BJ1SNJ8070PDA
DSLWP-B,13,SQ5KTM,2018-07-14 16:51:00.000,2018-10-07 23:17:09.920,BJ1SNJ8040PDK
DSLWP-B,13,SQ5KTM,2018-07-14 17:01:00.000,2018-10-07 23:17:33.948,BJ1SNJ80B0PD0
DSLWP-B,13,SQ5KTM,2018-07-14 17:11:00.000,2018-10-07 23:18:04.732,BJ1SNJ8050PDA
DSLWP-B,13,SQ5KTM,2018-07-14 17:21:00.000,2018-10-07 23:18:27.176,BJ1SNJ8080PDK
DSLWP-B,13,SQ5KTM,2018-07-14 23:20:00.000,2018-10-07 23:19:02.125,BJ1SNJ86B0PDJ
DSLWP-B,13,SQ5KTM,2018-07-14 23:30:00.000,2018-10-07 23:19:11.678,BJ1SNJ8670PDT
DSLWP-B,13,SQ5KTM,2018-07-14 23:10:00.000,2018-10-07 23:18:53.332,BJ1SNJ86B0PDA
DSLWP-B,13,SQ5KTM,2018-07-14 23:51:00.000,2018-10-07 23:19:32.387,BJ1SNJ86D0PDK
DSLWP-B,13,SQ5KTM,2018-07-15 00:01:00.000,2018-10-07 23:19:44.628,BJ1SNJ8630PDT
DSLWP-B,13,SQ5KTM,2018-07-15 00:11:00.000,2018-10-07 23:19:53.047,BJ1SNJ86B0PD9
DSLWP-B,13,SQ5KTM,2018-07-15 00:21:00.000,2018-10-07 23:20:07.315,BJ1SNJ86A0PDK
DSLWP-B,13,SQ5KTM,2018-07-15 00:31:00.000,2018-10-07 23:20:16.598,BJ1SNJ86D0PD0
DSLWP-B,13,SQ5KTM,2018-07-15 00:41:00.000,2018-10-07 23:20:26.681,BJ1SNJ86A0PD9
DSLWP-B,13,SQ5KTM,2018-07-15 00:51:00.000,2018-10-07 23:20:36.631,BJ1SNJ8670PDJ
DSLWP-B,13,SQ5KTM,2018-07-14 23:40:00.000,2018-10-07 23:19:21.396,BJ1SNJ86E0PDA
DSLWP-B,13,SQ5KTM,2018-07-15 16:40:00.000,2018-10-07 23:21:15.606,BJ1SNJ86B0PD9
DSLWP-B,13,SQ5KTM,2018-07-15 17:21:00.000,2018-10-07 23:22:10.573,BJ1SNJ8690PDJ
DSLWP-B,13,SQ5KTM,2018-07-16 01:31:00.000,2018-10-07 23:22:38.727,BJ1SNI86A2PD0
DSLWP-B,13,SQ5KTM,2018-07-16 01:41:00.000,2018-10-07 23:22:47.049,BJ1SNI86C2PDA
DSLWP-B,13,SQ5KTM,2018-07-16 01:51:00.000,2018-10-07 23:22:58.006,BJ1SNI86D2PDJ
DSLWP-B,13,SQ5KTM,2018-07-15 16:50:00.000,2018-10-07 23:21:30.053,BJ1SNJ8690PDJ
DSLWP-B,13,SQ5KTM,2018-07-15 08:00:00.000,2018-10-07 23:21:41.578,BJ1SNJ8630PDT
DSLWP-B,13,SQ5KTM,2018-07-15 17:10:00.000,2018-10-07 23:21:54.826,BJ1SNJ8670PDA
DSLWP-B,13,PY4ZBZ,2018-10-08 17:21:00.000,2018-10-08 18:59:23.807,BJ1SNJ86F0PAK
DSLWP-B,13,PY4ZBZ,2018-10-08 17:31:00.000,2018-10-08 18:59:39.020,BJ1SNJ8680QA0
DSLWP-B,13,YL3CT,2018-10-09 14:05:01.000,2018-10-09 15:57:03.297,BJ1SNJ86A0PA4
DSLWP-B,13,YL3CT,2018-10-09 14:15:01.000,2018-10-09 15:57:39.137,BJ1SNJ86A0PAE
DSLWP-B,13,YL3CT,2018-10-09 14:25:01.000,2018-10-09 15:58:02.649,BJ1SNJ86G0PAO
DSLWP-B,13,YL3CT,2018-10-09 14:35:01.000,2018-10-09 15:58:27.170,BJ1SNJ86B0PA4
DSLWP-B,13,YL3CT,2018-10-09 14:55:01.000,2018-10-09 15:58:56.539,BJ1SNJ8690PAO
DSLWP-B,13,YL3CT,2018-10-09 15:05:01.000,2018-10-09 15:59:30.969,BJ1SNJ86A0PA4
DSLWP-B,13,YL3CT,2018-10-09 15:15:01.000,2018-10-09 16:00:07.129,BJ1SNJ8680PAE
DSLWP-B,13,YL3CT,2018-10-10 22:20:01.000,2018-10-11 01:18:26.156,BJ1SNJ86B0PAJ
DSLWP-B,13,YL3CT,2018-10-10 22:30:01.000,2018-10-11 01:18:50.014,BJ1SNJ86D0PAT
DSLWP-B,13,PA0DLO,2018-10-13 23:23:00.000,2018-10-14 02:31:13.904,BJ1SNJ8690OAM
DSLWP-B,13,PA0DLO,2018-10-13 23:33:00.000,2018-10-14 02:31:48.372,BJ1SNJ86A0PA2
DSLWP-B,13,YL3CT,2018-10-10 22:41:01.000,2018-10-11 01:19:45.343,BJ1SNJ8680PA9
DSLWP-B,13,YL3CT,2018-10-10 22:50:01.000,2018-10-11 01:20:29.931,BJ1SNJ86A0PAJ
DSLWP-B,13,YL3CT,2018-10-10 23:01:01.000,2018-10-11 01:21:11.866,BJ1SNJ86A0PA0
DSLWP-B,13,YL3CT,2018-10-10 23:21:01.000,2018-10-11 01:21:37.743,BJ1SNJ86I0PAK
DSLWP-B,13,YL3CT,2018-10-10 23:26:01.000,2018-10-11 01:22:36.526,1J2JBN PP5WFU
DSLWP-B,13,YL3CT,2018-10-10 23:31:01.000,2018-10-11 01:23:03.850,BJ1SNJ86C0PA0
DSLWP-B,13,YL3CT,2018-10-10 23:41:01.000,2018-10-11 01:23:32.490,BJ1SNJ8680PA9
DSLWP-B,13,PA0DLO,2018-10-13 23:43:00.000,2018-10-14 02:32:11.114,BJ1SNJ86E0PAC
DSLWP-B,13,PA0DLO,2018-10-13 23:53:00.000,2018-10-14 02:32:41.360,BJ1SNJ8690PAM
DSLWP-B,13,PA0DLO,2018-10-14 00:03:00.000,2018-10-14 02:33:10.327,BJ1SNJ86B0PA2
DSLWP-B,13,PA0DLO,2018-10-14 00:13:00.000,2018-10-14 02:33:31.768,BJ1SNJ86D0PAC
DSLWP-B,13,PA0DLO,2018-10-14 00:23:00.000,2018-10-14 02:34:03.884,BJ1SNJ8690PAM
DSLWP-B,13,PA0DLO,2018-10-14 00:33:00.000,2018-10-14 02:34:26.976,BJ1SNJ8680PA2
DSLWP-B,13,PA0DLO,2018-10-14 00:43:00.000,2018-10-14 02:34:53.203,BJ1SNJ8690PAC
DSLWP-B,13,PA0DLO,2018-10-14 00:53:00.000,2018-10-14 02:35:18.617,BJ1SNJ8690PAM
DSLWP-B,13,YL3CT,2018-10-13 23:33:02.000,2018-10-14 03:36:41.104,BJ1SNJ86A0PA2
DSLWP-B,13,YL3CT,2018-10-13 23:43:02.000,2018-10-14 03:37:24.583,BJ1SNJ86E0PAC
DSLWP-B,13,YL3CT,2018-10-13 23:53:02.000,2018-10-14 03:37:53.741,BJ1SNJ8690PAM
DSLWP-B,13,YL3CT,2018-10-14 00:03:02.000,2018-10-14 03:38:37.611,BJ1SNJ86B0PA2
DSLWP-B,13,YL3CT,2018-10-14 00:13:02.000,2018-10-14 03:39:05.101,BJ1SNJ86D0PAC
DSLWP-B,13,YL3CT,2018-10-14 00:33:02.000,2018-10-14 03:39:38.967,BJ1SNJ8680PA2
DSLWP-B,13,YL3CT,2018-10-14 00:43:02.000,2018-10-14 03:40:11.720,BJ1SNJ8690PAC
DSLWP-B,13,YL3CT,2018-10-14 00:53:02.000,2018-10-14 03:40:40.965,BJ1SNJ8690PAM
DSLWP-B,13,VK5EI,2018-10-14 15:20:00.000,2018-10-14 15:27:38.925,BJ1SNJ86F0OAL
DSLWP-B,13,VK5EI,2018-10-14 15:30:00.000,2018-10-14 15:34:56.468,BJ1SNJ86D0PA0
DSLWP-B,13,YL3CT,2018-10-14 20:26:02.000,2018-10-14 22:22:49.280,BJ1SNJ86H0PAQ
DSLWP-B,13,VK5EI,2018-10-14 15:41:00.000,2018-10-14 15:45:20.799,BJ1SNJ86E0PA9
DSLWP-B,13,VK5EI,2018-10-14 15:51:00.000,2018-10-14 16:03:09.638,BJ1SNJ86D0PA0
DSLWP-B,13,VK5EI,2018-10-14 16:31:00.000,2018-10-14 16:34:57.032,BJ1SNJ8670PA0
DSLWP-B,13,VK5EI,2018-10-14 16:41:00.000,2018-10-14 17:06:12.903,BJ1SNJ86A0PAA
DSLWP-B,13,YL3CT,2018-10-14 20:36:02.000,2018-10-14 22:23:12.395,BJ1SNJ86C0PA5
DSLWP-B,13,YL3CT,2018-10-14 20:46:02.000,2018-10-14 22:23:37.002,BJ1SNJ8660PAF
DSLWP-B,13,VK5EI,2018-10-14 15:51:00.000,2018-10-14 15:53:33.532,BJ1SNJ8660PAJ
DSLWP-B,13,VK5EI,2018-10-14 16:11:00.000,2018-10-14 16:15:10.847,BJ1SNJ8680PA9
DSLWP-B,13,PY4ZBZ,2018-10-14 22:07:00.000,2018-10-14 22:24:55.108,BJ1SNJ86D0QA6
DSLWP-B,13,YL3CT,2018-10-14 20:57:02.000,2018-10-14 22:24:06.313,BJ1SNJ86C0PAQ
DSLWP-B,13,YL3CT,2018-10-14 21:07:02.000,2018-10-14 22:24:38.444,BJ1SNJ86E0PA5
DSLWP-B,13,YL3CT,2018-10-14 21:17:02.000,2018-10-14 22:25:03.014,BJ1SNJ86G0PAG
DSLWP-B,13,YL3CT,2018-10-14 21:27:02.000,2018-10-14 22:25:28.934,BJ1SNJ86B0QAP
DSLWP-B,13,YL3CT,2018-10-14 21:37:02.000,2018-10-14 22:25:51.664,BJ1SNJ8690QA5
DSLWP-B,13,YL3CT,2018-10-14 21:47:02.000,2018-10-14 22:26:16.214,BJ1SNJ86F0QAF
DSLWP-B,13,YL3CT,2018-10-14 21:57:02.000,2018-10-14 22:26:39.543,BJ1SNJ86E0QAQ
DSLWP-B,13,YL3CT,2018-10-14 22:07:02.000,2018-10-14 22:27:11.614,BJ1SNJ86D0QA6
DSLWP-B,13,VK5EI,2018-10-15 18:21:00.000,2018-10-15 18:23:52.264,BJ1SNJ8670PDK
DSLWP-B,13,VK5QI,2018-10-15 18:21:00.000,2018-10-15 18:37:45.833,BJ1SNI8670PDK
DSLWP-B,13,VK5EI,2018-10-15 17:51:00.000,2018-10-15 17:54:46.308,BJ1SNJ8690ODK
DSLWP-B,13,VK5EI,2018-10-15 18:01:00.000,2018-10-15 18:05:00.868,BJ1SNJ86A0PD0
DSLWP-B,13,VK5EI,2018-10-15 18:11:00.000,2018-10-15 18:12:48.684,BJ1SNJ8660PD9
DSLWP-B,13,VK5EI,2018-10-15 18:31:00.000,2018-10-15 18:34:18.138,BJ1SNJ8670PDT
DSLWP-B,13,VK5QI,2018-10-15 18:31:00.000,2018-10-15 18:37:31.443,BJ1SNI8670PDT
DSLWP-B,13,VK5QI,2018-10-15 18:41:00.000,2018-10-15 18:42:17.637,BJ1SNI86C0PD9
DSLWP-B,13,VK5EI,2018-10-15 18:41:00.000,2018-10-15 18:44:02.500,BJ1SNJ86C0PD9
DSLWP-B,13,LU1HKO,2018-10-17 00:41:00.000,2018-10-17 01:16:50.883,BJ1SNJ8690PA9
DSLWP-B,13,LU1HKO,2018-10-17 00:51:00.000,2018-10-17 01:17:19.848,BJ1SNJ86I0PAK
DSLWP-B,13,LU1HKO,2018-10-17 01:01:00.000,2018-10-17 01:17:39.251,BJ1SNJ8680PAT
DSLWP-B,13,LU1HKO,2018-10-17 01:11:00.000,2018-10-17 01:17:53.288,BJ1SNJ86F0PAA
DSLWP-B,13,LU1HKO,2018-10-17 00:22:00.000,2018-10-17 00:28:24.634,BJ1SNJ86C0PAJ
DSLWP-B,13,LU1HKO,2018-10-17 01:31:00.000,2018-10-17 01:33:06.347,BJ1SNJ8660PA0
DSLWP-B,13,PY4ZBZ,2018-10-17 01:31:00.000,2018-10-17 02:35:30.080,BJ1SNJ860PA0
DSLWP-B,13,lu1hko,2018-10-17 00:22:00.000,2018-10-17 00:22:20.256,BJ1SNJ86C0PAJ
DSLWP-B,13,LU1HKO,2018-10-17 00:30:00.000,2018-10-17 00:33:40.993,BJ1SNJ8690PAT
DSLWP-B,13,PY4ZBZ,2018-10-17 01:11:00.000,2018-10-17 03:03:13.080,BJ1SNJ86F0PAA
DSLWP-B,13,PY4ZBZ,2018-10-17 01:41:00.000,2018-10-17 02:35:57.726,BJ1SNJ86B0PA9
DSLWP-B,13,PY4ZBZ,2018-10-19 01:11:00.000,2018-10-19 03:02:12.076,BJ1SNJ86C0PAA
DSLWP-B,13,PY4ZBZ,2018-10-19 01:21:00.000,2018-10-19 03:02:28.691,BJ1SNJ86F0PAJ
DSLWP-B,13,PY4ZBZ,2018-10-19 01:31:00.000,2018-10-19 03:02:43.571,BJ1SNJ86B0PA0
DSLWP-B,13,PY4ZBZ,2018-10-19 01:41:00.000,2018-10-19 03:02:59.452,BJ1SNJ86D0PA9
DSLWP-B,13,PY4ZBZ,2018-10-19 01:51:00.000,2018-10-19 03:03:14.795,BJ1SNJ86A0QAK
DSLWP-B,13,PY4ZBZ,2018-10-19 02:01:00.000,2018-10-19 03:03:32.116,BJ1SNJ86F0PA0
DSLWP-B,13,PY4ZBZ,2018-10-19 01:00:00.000,2018-10-19 03:01:54.566,BJ1SNJ86B0PA0
DSLWP-B,13,K4KDR-websdr,2018-10-21 01:51:00.000,2018-10-21 03:15:16.907,BJ1SNJ8680PAJ
DSLWP-B,13,K4KDR-websdr,2018-10-21 02:11:00.000,2018-10-21 03:15:41.168,BJ1SNJ86A0PAA
DSLWP-B,13,K4KDR-websdr,2018-10-21 02:31:00.000,2018-10-21 03:16:01.324,BJ1SNJ86C0PA0
DSLWP-B,13,K4KDR_websdr,2018-10-21 01:51:00.000,2018-10-21 03:55:20.480,BJ1SNJ8680PAJ
DSLWP-B,13,K4KDR_websdr,2018-10-21 02:11:00.000,2018-10-21 03:55:45.894,BJ1SNJ86A0PAA
DSLWP-B,13,K4KDR_websdr,2018-10-21 02:31:00.000,2018-10-21 03:56:13.915,BJ1SNJ86C0PA0
DSLWP-B,13,PY4ZBZ,2018-10-19 02:11:00.000,2018-10-19 03:03:51.660,BJ1SNJ86D0PAA
DSLWP-B,13,PY4ZBZ,2018-10-19 02:21:00.000,2018-10-19 03:04:13.899,BJ1SNJ86C0QAJ
DSLWP-B,13,DK3WN,2018-10-23 09:21:00.000,2018-10-24 02:37:00.787,BJ1SNV8690PAJ
DSLWP-B,13,W2RTV,2018-10-06 22:46:00.000,2018-10-24 02:40:32.706,BJ1SNI8670PDE
DSLWP-B,13,W2RTV,2018-10-06 22:56:00.000,2018-10-24 02:41:18.344,BJ1SNI86C0PDP
DSLWP-B,13,W2RTV,2018-10-06 23:06:00.000,2018-10-24 02:42:15.391,BJ1SNI8690PD4
DSLWP-B,13,W2RTV,2018-10-06 23:16:00.000,2018-10-24 02:42:45.415,BJ1SNI86A0PDF
DSLWP-B,13,W2RTV,2018-10-06 23:26:00.000,2018-10-24 02:43:14.103,BJ1SNI8690PDO
DSLWP-B,13,W2RTV,2018-10-06 23:36:00.000,2018-10-24 02:44:14.087,BJ1SNI8690PD5
DSLWP-B,13,DK3WN,2018-10-24 02:22:00.000,2018-10-24 02:37:22.009,BJ1SNV8680OAK
DSLWP-B,13,DK3WN,2018-10-24 02:32:00.000,2018-10-24 02:37:37.242,BJ1SNV8690PAT
DSLWP-B,13,DK3WN,2018-10-24 02:42:00.000,2018-10-24 02:44:20.859,BJ1SNV86F0PAA
DSLWP-B,13,sp5uln,2018-10-25 03:11:00.000,2018-10-27 01:39:04.991,BJ1SNV8660PAA
DSLWP-B,13,W2RTV,2018-10-06 23:46:00.000,2018-10-24 02:44:44.406,BJ1SNI86C0PDF
DSLWP-B,13,DK3WN,2018-10-25 03:01:00.000,2018-10-25 04:20:34.266,BJ1SNV86A0PA0
DSLWP-B,13,DK3WN,2018-10-25 03:11:00.000,2018-10-25 04:20:57.958,BJ1SNV8660PAA
DSLWP-B,13,DK3WN,2018-10-25 03:21:00.000,2018-10-25 04:21:09.901,BJ1SNV8690PAK
DSLWP-B,13,DK3WN,2018-10-25 03:31:00.000,2018-10-25 04:21:23.053,BJ1SNV86G0PA0
DSLWP-B,13,DK3WN,2018-10-25 03:41:00.000,2018-10-25 04:21:38.908,BJ1SNV86D0PWA
DSLWP-B,13,DK3WN,2018-10-25 03:51:00.000,2018-10-25 04:21:52.236,BJ1SNV86D0PAK
DSLWP-B,13,DK3WN,2018-10-24 02:52:00.000,2018-10-24 02:53:54.087,BJ1SNV86C0PAK
DSLWP-B,13,sp5uln,2018-10-25 03:21:00.000,2018-10-27 01:39:39.472,BJ1SNV8690PAK
DSLWP-B,13,sp5uln,2018-10-25 03:31:00.000,2018-10-27 01:39:56.467,BJ1SNV86G0PA0
DSLWP-B,13,sp5uln,2018-10-25 03:41:00.000,2018-10-27 01:40:11.612,BJ1SNV86D0PWA
DSLWP-B,13,sp5uln,2018-10-25 03:51:00.000,2018-10-27 01:40:26.547,BJ1SNV86D0PAK
DSLWP-B,13,sp5uln,2018-10-26 03:31:00.000,2018-10-27 01:41:37.932,BJ1SNV8690OA0
DSLWP-B,13,sp5uln,2018-10-26 03:41:00.000,2018-10-27 01:41:52.562,BJ1SNV86E0PAA
DSLWP-B,13,sp5uln,2018-10-26 03:10:00.000,2018-10-27 01:41:05.092,BJ1SNV86B0OAA
DSLWP-B,13,sp5uln,2018-10-26 03:20:00.000,2018-10-27 01:41:20.122,BJ1SNV86B0PAJ
DSLWP-B,13,sp5uln,2018-10-26 03:00:00.000,2018-10-27 01:40:50.227,BJ1SNV86C0OAT
DSLWP-B,13,sp5uln,2018-10-26 03:51:00.000,2018-10-27 01:42:07.102,BJ1SNV86B0PAK
DSLWP-B,13,sp5uln,2018-10-26 04:01:00.000,2018-10-27 01:42:29.482,BJ1SNV86J0PA0
DSLWP-B,13,sp5uln,2018-10-26 04:11:00.000,2018-10-27 01:42:43.332,BJ1SNV8680PAA
DSLWP-B,13,sp5uln,2018-10-26 04:21:00.000,2018-10-27 01:42:59.238,BJ1SNV86K0PAJ
DSLWP-B,13,sp5uln,2018-10-26 04:31:00.000,2018-10-27 01:43:15.092,BJ1SNV8690PA0
DSLWP-B,13,LU1HKO,2018-10-27 13:43:00.000,2018-10-27 13:43:51.294,BJ1SNV86E0PA0
DSLWP-B,13,LU1HKO,2018-10-27 13:52:00.000,2018-10-27 13:52:18.087,BJ1SNV86A0PAK
DSLWP-B,13,LU1HKO,2018-10-27 14:02:00.000,2018-10-27 14:02:27.293,BJ1SNV86G0PA0
DSLWP-B,13,LU1HKO,2018-10-27 14:12:00.000,2018-10-27 14:12:14.173,BJ1SNV86F0PAA
DSLWP-B,13,LU1HKO,2018-10-27 14:51:00.000,2018-10-27 19:15:30.017,BJ1SNV8680PAK
DSLWP-B,13,LU1HKO,2018-10-27 14:42:00.000,2018-10-27 14:42:19.964,BJ1SNV86B0PA9
DSLWP-B,13,W2RTV,2018-10-27 13:41:00.000,2018-10-28 01:35:09.329,BJ1SNV86B0PA9
DSLWP-B,13,W2RTV,2018-10-27 13:51:00.000,2018-10-28 01:35:52.301,BJ1SNV86A0PAK
DSLWP-B,13,W2RTV,2018-10-27 14:21:00.000,2018-10-28 01:36:39.462,BJ1SNV86F0PAK
DSLWP-B,13,W2RTV,2018-10-27 14:31:00.000,2018-10-28 01:37:12.868,BJ1SNV8680PAT
DSLWP-B,13,W2RTV,2018-10-27 14:51:00.000,2018-10-28 01:37:48.956,BJ1SNV8680PAK
DSLWP-B,13,N6RFM,2018-10-27 13:30:00.000,2018-10-29 05:04:51.661,BJ1SNV86E0PA0
DSLWP-B,13,N6RFM,2018-10-27 13:10:00.000,2018-10-29 05:04:25.767,BJ1SNV8670OA9
DSLWP-B,13,N6RFM,2018-10-27 13:51:00.000,2018-10-29 05:05:38.441,BJ1SNV86A0PAK
DSLWP-B,13,N6RFM,2018-10-27 14:01:00.000,2018-10-29 05:05:59.982,BJ1SNV86G0PA0
DSLWP-B,13,N6RFM,2018-10-27 14:11:00.000,2018-10-29 05:06:15.701, BJ1SNV86F0PA
DSLWP-B,13,N6RFM,2018-10-27 14:21:00.000,2018-10-29 05:06:31.773, BJ1SNV86F0PA
DSLWP-B,13,N6RFM,2018-10-27 14:31:00.000,2018-10-29 05:06:47.567,BJ1SNV8680PAT
DSLWP-B,13,N6RFM,2018-10-27 14:41:00.000,2018-10-29 05:07:07.502,BJ1SNV86B0PA9
DSLWP-B,13,N6RFM,2018-10-27 14:51:00.000,2018-10-29 05:07:25.877,BJ1SNV8680PAK
DSLWP-B,13,N6RFM,2018-10-10 22:10:00.000,2018-10-29 05:08:24.773,BJ1SNJ86E0PA9
DSLWP-B,13,N6RFM,2018-10-27 13:40:00.000,2018-10-29 05:05:16.022,BJ1SNV86B0PA9
DSLWP-B,13,N6RFM,2018-10-10 22:41:00.000,2018-10-29 05:09:18.515,BJ1SNJ8680PA9
DSLWP-B,13,N6RFM,2018-10-10 22:51:00.000,2018-10-29 05:09:38.412,BJ1SNJ86A0PAJ
DSLWP-B,13,N6RFM,2018-10-10 23:01:00.000,2018-10-29 05:09:57.069,BJ1SNJ86A0PA0
DSLWP-B,13,N6RFM,2018-10-10 23:11:00.000,2018-10-29 05:10:10.843,BJ1SNJ86C0QA9
DSLWP-B,13,N6RFM,2018-10-10 23:21:00.000,2018-10-29 05:10:25.051,BJ1SNJ86I0PAK
DSLWP-B,13,N6RFM,2018-10-10 23:31:00.000,2018-10-29 05:10:39.700,BJ1SNJ86C0PA0
DSLWP-B,13,N6RFM,2018-10-10 23:41:00.000,2018-10-29 05:10:58.715,BJ1SNJ8680PA9
DSLWP-B,13,N6RFM,2018-10-10 22:20:00.000,2018-10-29 05:08:43.198,BJ1SNJ86B0PAJ
DSLWP-B,13,N6RFM,2018-10-10 22:30:00.000,2018-10-29 05:09:01.867,BJ1SNJ86D0PAT
DSLWP-B,13,N6RFM,2018-10-10 23:51:00.000,2018-10-29 05:11:14.806,BJ1SNJ8680PAJ
DSLWP-B,13,W2RTV,2018-11-01 16:21:00.000,2018-11-02 02:57:38.560,BJ1SNV86D0PAK
DSLWP-B,13,W2RTV,2018-11-01 16:31:00.000,2018-11-02 02:58:08.306,BJ1SNV8690PA0
DSLWP-B,13,W2RTV,2018-11-01 16:41:00.000,2018-11-02 02:58:32.958,BJ1SNV86D0PA9
DSLWP-B,13,W2RTV,2018-11-01 16:51:00.000,2018-11-02 02:59:03.659,BJ1SNV8690PAK
DSLWP-B,13,W2RTV,2018-11-01 17:01:00.000,2018-11-02 02:59:50.449,BJ1SNV86D0PA0
DSLWP-B,13,W2RTV,2018-11-01 17:11:00.000,2018-11-02 03:00:19.186,BJ1SNV86C0PAA
DSLWP-B,13,W2RTV,2018-11-01 16:00:00.000,2018-11-02 02:56:31.331,BJ1SNV86B0OAT
DSLWP-B,13,W2RTV,2018-11-01 16:10:00.000,2018-11-02 02:57:13.775,BJ1SNV86F0PAA
DSLWP-B,13,PA0DLO,2018-11-03 19:01:00.000,2018-11-03 20:30:55.458,BJ1SNV86C0PA0
DSLWP-B,13,PA0DLO,2018-11-03 19:11:00.000,2018-11-03 20:31:15.310,BJ1SNV86A0PAA
DSLWP-B,13,PA0DLO,2018-11-03 19:21:00.000,2018-11-03 20:31:38.012,BJ1SNV8690PAK
DSLWP-B,13,PA0DLO,2018-11-03 19:31:00.000,2018-11-03 20:31:58.160,BJ1SNV8680PAT
DSLWP-B,13,PA0DLO,2018-11-03 18:20:00.000,2018-11-03 20:29:10.777,BJ1SNV86C0OAJ
DSLWP-B,13,PA0DLO,2018-11-03 18:40:00.000,2018-11-03 20:30:07.657,BJ1SNV86G0PAA
DSLWP-B,13,PA0DLO,2018-11-03 18:50:00.000,2018-11-03 20:30:26.631,BJ1SNV86D0PAJ
DSLWP-B,13,PA0DLO,2018-11-03 18:30:00.000,2018-11-03 20:29:46.597,BJ1SNV86A0OAT
DSLWP-B,13,W2RTV,2018-11-01 17:21:00.000,2018-11-02 03:00:46.889,BJ1SNV86A0PAJ
DSLWP-B,13,PA0DLO,2018-11-11 22:51:00.000,2018-11-12 00:15:05.919,BJ1SNV86F0QAK
DSLWP-B,13,PA0DLO,2018-11-11 23:11:00.000,2018-11-12 00:15:31.360,BJ1SNV8680PAA
DSLWP-B,13,PA0DLO,2018-11-11 23:21:00.000,2018-11-12 00:15:54.205,BJ1SNV8680PAK
DSLWP-B,13,PA0DLO,2018-11-03 19:41:00.000,2018-11-03 20:32:18.808,BJ1SNV86C0PAA
DSLWP-B,13,PA0DLO,2018-11-03 19:51:00.000,2018-11-03 20:32:38.685,BJ1SNV8690PAK
DSLWP-B,13,PA0DLO,2018-11-03 20:01:00.000,2018-11-03 20:33:05.149,BJ1SNV86A0PAT
DSLWP-B,13,PY4ZBZ,2018-11-12 03:16:00.000,2018-11-12 03:48:42.970,BJ1SNV86C0PAE
DSLWP-B,13,PA0DLO,2018-11-11 21:40:00.000,2018-11-12 00:14:05.843,BJ1SNV86D0OAA
DSLWP-B,13,PA0DLO,2018-11-11 22:20:00.000,2018-11-12 00:14:34.104,BJ1SNV86C0PAK
DSLWP-B,13,VK5EI,2018-11-14 17:58:00.000,2018-11-14 18:07:12.350,BJ1SNV86FOPAR
DSLWP-B,13,VK5EI,2018-11-14 17:48:00.000,2018-11-14 17:52:55.600,BJ1SNV86I0OAH
DSLWP-B,13,VK5EI,2018-11-14 19:09:00.000,2018-11-14 19:14:41.778,BJ1SNV8680PA8
DSLWP-B,13,VK5EI,2018-11-14 18:29:00.000,2018-11-14 18:33:00.391,BJ1SNV86B0PAS
DSLWP-B,13,VK5QI,2018-11-14 18:49:00.000,2018-11-14 18:59:00.160,BJ1SNV86B0PAI
DSLWP-B,13,VK5QI,2018-11-14 18:59:00.000,2018-11-14 19:00:33.291,BJ1SNV8680PAS
DSLWP-B,13,VK5EI,2018-11-14 18:59:00.000,2018-11-14 19:01:59.461,BJ1SNV8680PAS
DSLWP-B,13,VK5EI,2018-11-14 18:08:00.000,2018-11-14 18:13:21.509,BJ1SNV860PA8
DSLWP-B,13,VK5EI,2018-11-14 18:49:00.000,2018-11-14 18:53:32.605,BJ1SNV86B0PAI
DSLWP-B,13,JA1HCB,2018-11-15 16:23:00.000,2018-11-15 16:30:53.661,BJ1SNV8670PAM
DSLWP-B,13,VK5EI,2018-11-15 14:53:00.000,2018-11-15 14:57:13.694,BJ1SNV8690OAM
DSLWP-B,13,VK5EI,2018-11-15 15:13:00.000,2018-11-15 15:20:15.035,BJ1SNV86B0OAC
DSLWP-B,13,VK5EI,2018-11-15 16:03:00.000,2018-11-15 16:05:41.178,BJ1SNV86J0OAM
DSLWP-B,13,VK5EI,2018-11-15 15:23:00.000,2018-11-15 15:25:59.897,BJ1SNV8680OAM
DSLWP-B,13,VK5EI,2018-11-15 15:53:00.000,2018-11-15 15:56:02.484,BJ1SNV86J0OAM
DSLWP-B,13,VK5EI,2018-11-15 16:13:00.000,2018-11-15 16:16:11.972,BJ1SNV86D0PAC
DSLWP-B,13,VK5EI,2018-11-15 16:33:00.000,2018-11-15 16:36:09.189,BJ1SNV86E0PA2
DSLWP-B,13,VK5EI,2018-11-14 19:19:00.000,2018-11-14 19:23:26.550,BJ1SNV86E0PAI
DSLWP-B,13,VK5EI,2019-02-02 07:41:00.000,2019-02-02 08:55:24.782,BJ1SNU86E0PD9
DSLWP-B,13,VK5EI,2019-02-02 07:51:00.000,2019-02-02 08:56:13.408,BJ1SNU8690PDJ
DSLWP-B,13,VK5EI,2019-02-02 08:01:00.000,2019-02-02 08:57:49.728,BJ1SNU86C0PDT
DSLWP-B,13,VK5EI,2019-02-02 08:11:00.000,2019-02-02 08:59:08.037,BJ1SNU86C0PDA
DSLWP-B,13,VK5EI,2019-02-02 08:21:00.000,2019-02-02 08:59:49.823,BJ1SNU86A0PDJ
DSLWP-B,13,VK5EI,2019-02-02 08:31:00.000,2019-02-02 09:00:15.692,BJ1SNU86A0PDT
DSLWP-B,13,VK5EI,2019-02-28 05:40:00.000,2019-02-28 19:42:38.774,BJ1SNU8680PD9
DSLWP-B,13,VK5EI,2019-02-28 05:50:00.000,2019-02-28 19:43:10.746,BJ1SNU8680PDJ
DSLWP-B,13,VK5EI,2019-02-28 06:00:00.000,2019-02-28 19:43:50.719,BJ1SNU86C0PD0
DSLWP-B,13,VK5EI,2019-02-28 06:21:00.000,2019-02-28 19:45:25.031,BJ1SNU8680PDJ
DSLWP-B,13,VK5EI,2019-02-28 06:31:00.000,2019-02-28 19:46:11.890,BJ1SNU86C0PDT
DSLWP-B,13,VK5EI,2019-02-28 06:41:00.000,2019-02-28 19:46:52.295,BJ1SNU86A0PD9
DSLWP-B,13,VK5EI,2019-02-28 06:51:00.000,2019-02-28 19:47:33.925,BJ1SNU86E0PDJ
DSLWP-B,13,VK5EI,2019-02-28 07:01:00.000,2019-02-28 19:48:12.690,BJ1SNU8670PDT
DSLWP-B,13,W2RTV,2019-03-16 05:56:00.000,2019-03-16 07:00:22.841,BJ1SNU86G0PDP
DSLWP-B,13,W2RTV,2019-03-16 06:06:00.000,2019-03-16 07:01:08.351,BJ1SNU86B0PD5
DSLWP-B,13,W2RTV,2019-03-16 06:16:00.000,2019-03-16 07:01:38.449,BJ1SNU8680PDF
DSLWP-B,13,VK5EI,2019-02-28 06:10:00.000,2019-02-28 19:44:29.873,BJ1SNU8640PDA
DSLWP-B,13,N6RFM,2019-03-16 05:26:00.000,2019-03-16 09:39:04.665,BJ1SNU8670PDO
DSLWP-B,13,N6RFM,2019-03-16 05:36:00.000,2019-03-16 09:39:21.604,BJ1SNU8660PD5
DSLWP-B,13,N6RFM,2019-03-16 05:46:00.000,2019-03-16 09:39:41.619,BJ1SNU86G0PDE
DSLWP-B,13,N6RFM,2019-03-16 05:56:00.000,2019-03-16 09:40:01.637,BJ1SNU86G0PDP
DSLWP-B,13,N6RFM,2019-03-16 06:06:00.000,2019-03-16 09:42:35.640, BJ1SNU86B0PD
DSLWP-B,13,N6RFM,2019-03-16 04:35:00.000,2019-03-16 09:37:31.660,BJ1SNU8650PD4
DSLWP-B,13,N6RFM,2019-03-16 04:45:00.000,2019-03-16 09:37:50.301,BJ1SNU86F0PDE
DSLWP-B,13,N6RFM,2019-03-16 04:55:00.000,2019-03-16 09:38:15.276,BJ1SNU86C0PDO
DSLWP-B,13,N6RFM,2019-03-16 05:05:00.000,2019-03-16 09:38:41.181,BJ1SNU8690PD5
DSLWP-B,13,N6RFM,2019-03-16 06:16:00.000,2019-03-16 09:43:00.607,BJ1SNU8680PDF
DSLWP-B,13,N6RFM,2019-03-15 12:31:00.000,2019-03-16 09:44:28.199,BJ1SNU8680PD0
DSLWP-B,13,N6RFM,2019-03-15 13:01:00.000,2019-03-16 09:44:56.524,BJ1SNU86A0PDT
DSLWP-B,13,N6RFM,2019-03-15 12:00:00.000,2019-03-16 09:43:42.837,BJ1SNU86F0PDT
DSLWP-B,13,YL3CT,2019-04-13 22:21:00.000,2019-04-13 23:06:10.489,BJ1SNU86E1QDJ
DSLWP-B,13,YL3CT,2019-04-13 22:31:00.000,2019-04-13 23:06:48.593,BJ1SNU8691RD0
DSLWP-B,13,YL3CT,2019-04-13 22:41:00.000,2019-04-13 23:07:19.723,BJ1SNU8682QDA
DSLWP-B,13,YL3CT,2019-04-13 22:51:00.000,2019-04-13 23:07:53.649,BJ1SNU86E2RDK
DSLWP-B,13,N6RFM,2019-03-15 12:10:00.000,2019-03-16 09:43:59.130, BJ1SNU86B0PD
DSLWP-B,13,W2RTV,2019-04-14 03:11:00.000,2019-04-14 04:53:44.806,BJ1SNV86C0PA9
DSLWP-B,13,W2RTV,2019-04-14 03:21:00.000,2019-04-14 04:54:17.757,BJ1SNV86C0PAJ
DSLWP-B,13,W2RTV,2019-04-14 03:31:00.000,2019-04-14 04:54:48.041,BJ1SNV86B0PA0
DSLWP-B,13,W2RTV,2019-04-14 03:41:00.000,2019-04-14 04:55:15.478,BJ1SNV86A0QAA
DSLWP-B,13,W2RTV,2019-04-14 03:51:00.000,2019-04-14 04:55:38.256,BJ1SNV86B0QAJ
DSLWP-B,13,W2RTV,2019-04-14 04:01:00.000,2019-04-14 04:56:19.297,BJ1SNV86B0PA0
DSLWP-B,13,W2RTV,2019-04-14 04:11:00.000,2019-04-14 04:56:49.827,BJ1SNV8690PAA
DSLWP-B,13,W2RTV,2019-04-14 04:21:00.000,2019-04-14 04:57:14.371,BJ1SNV8690PAK
DSLWP-B,13,YL3CT,2019-04-21 08:20:00.000,2019-04-21 10:09:40.979,BJ1SNU8680PDJ
DSLWP-B,13,YL3CT,2019-04-21 08:51:00.000,2019-04-21 10:12:03.650,BJ1SNU86A0PDJ
DSLWP-B,13,YL3CT,2019-04-21 09:11:00.000,2019-04-21 10:13:21.002,BJ1SNU8660PD9
DSLWP-B,13,YL3CT,2019-04-21 09:01:00.000,2019-04-21 10:12:42.432,BJ1SNU86C0PDT
DSLWP-B,13,YL3CT,2019-04-21 09:21:00.000,2019-04-21 10:13:48.288,BJ1SNU8670PDJ
DSLWP-B,13,YL3CT,2019-04-21 09:41:00.000,2019-04-21 10:15:05.852,BJ1SNU86A0PD9
DSLWP-B,13,YL3CT,2019-04-21 09:51:00.000,2019-04-21 10:15:56.009,BJ1SNU86C0PDK
DSLWP-B,13,YL3CT,2019-04-21 08:40:00.000,2019-04-21 10:11:27.180,BJ1SNU86B0PD9
DSLWP-B,13,YL3CT,2019-04-21 09:31:00.000,2019-04-21 10:14:33.556,BJ1SNU86B0PDT
DSLWP-B,13,YL3CT,2019-04-21 08:30:00.000,2019-04-21 10:10:33.231,BJ1SNU8690PDT
DSLWP-B,13,VK5EI,2019-05-15 16:41:00.000,2019-05-15 18:32:55.318,BJ1SNU86B0ODA
DSLWP-B,13,VK5EI,2019-05-15 17:01:00.000,2019-05-15 18:33:42.322,BJ1SNU86A0ODJ
DSLWP-B,13,VK5EI,2019-05-15 17:11:00.000,2019-05-15 18:34:19.298,BJ1SNU86C0OD9
DSLWP-B,13,VK5EI,2019-05-15 17:21:00.000,2019-05-15 18:35:39.837,BJ1SNU86F0ODK
DSLWP-B,13,VK5EI,2019-05-15 17:31:00.000,2019-05-15 18:36:08.216,BJ1SNU8660OD0
DSLWP-B,13,VK5EI,2019-05-15 16:00:00.000,2019-05-15 18:30:21.972,BJ1SNU86H0ODT
DSLWP-B,13,VK5EI,2019-05-15 16:10:00.000,2019-05-15 18:31:23.850,BJ1SNU86C0OD9
DSLWP-B,13,VK5EI,2019-05-15 16:20:00.000,2019-05-15 18:32:07.054,BJ1SNU86D0ODJ
DSLWP-B,13,YL3CT,2019-05-16 00:20:00.000,2019-05-16 02:18:31.011,BJ1SNU8660ODJ
DSLWP-B,13,YL3CT,2019-05-16 01:01:00.000,2019-05-16 02:20:39.130,BJ1SNU86D0OD0
DSLWP-B,13,YL3CT,2019-05-16 01:11:00.000,2019-05-16 02:21:01.253,BJ1SNU86D0PD9
DSLWP-B,13,YL3CT,2019-05-16 01:21:00.000,2019-05-16 02:21:28.841,BJ1SNU86A0PDK
DSLWP-B,13,YL3CT,2019-05-16 01:31:00.000,2019-05-16 02:21:50.315,BJ1SNU8690PD0
DSLWP-B,13,YL3CT,2019-05-16 01:41:00.000,2019-05-16 02:22:12.583,BJ1SNU86E0PD9
DSLWP-B,13,YL3CT,2019-05-16 01:51:00.000,2019-05-16 02:22:34.620,BJ1SNU8670PDK
DSLWP-B,13,YL3CT,2019-05-16 02:01:00.000,2019-05-16 02:23:11.262,BJ1SNU8670PD0
DSLWP-B,13,YL3CT,2019-05-16 00:30:00.000,2019-05-16 02:19:12.654,BJ1SNU86A0OD0
DSLWP-B,13,YL3CT,2019-05-16 00:40:00.000,2019-05-16 02:19:41.313,BJ1SNU8680OD9
DSLWP-B,13,N6RFM,2019-05-19 14:11:00.000,2019-05-21 21:05:47.861,BJ1SNV8690OA9
DSLWP-B,13,W2RTV,2019-05-19 13:40:00.000,2019-05-21 00:27:42.910,BJ1SNU8680OD9
DSLWP-B,13,W2RTV,2019-05-19 14:00:00.000,2019-05-21 00:28:58.526,BJ1SNU86B0ODT
DSLWP-B,13,W2RTV,2019-05-19 14:10:00.000,2019-05-21 00:30:03.237,BJ1SNU86A0OD9
DSLWP-B,13,W2RTV,2019-05-19 14:20:00.000,2019-05-21 00:30:26.759,BJ1SNU8680ODJ
DSLWP-B,13,N6RFM,2019-05-19 13:40:00.000,2019-05-21 21:04:57.685,BJ1SNV86A0OA9
DSLWP-B,13,N6RFM,2019-05-19 14:00:00.000,2019-05-21 21:05:32.967,BJ1SNV86A0OAT
DSLWP-B,13,W2RTV,2019-05-19 13:50:00.000,2019-05-21 00:28:06.827,BJ1SNU8610ODJ
DSLWP-B,13,N6RFM,2019-05-19 13:50:00.000,2019-05-21 21:05:15.062,BJ1SNV8680OAJ
DSLWP-B,13,N6RFM,2019-05-19 14:21:00.000,2019-05-21 21:06:04.297,BJ1SNV86A0OAK
DSLWP-B,13,N6RFM,2019-05-19 14:31:00.000,2019-05-21 21:06:20.112,BJ1SNV86A0OAT
DSLWP-B,13,N6RFM,2019-05-19 14:41:00.000,2019-05-21 21:06:36.459,BJ1SNV8680OAA
DSLWP-B,13,N6RFM,2019-05-19 14:51:00.000,2019-05-21 21:06:50.874,BJ1SNV86A0OAJ
DSLWP-B,13,N6RFM,2019-05-19 15:01:00.000,2019-05-21 21:07:14.605,BJ1SNV8690OAT
DSLWP-B,13,N6RFM,2019-05-19 15:11:00.000,2019-05-21 21:07:28.905,BJ1SNV8690OA9
DSLWP-B,13,N6RFM,2019-05-19 15:21:00.000,2019-05-21 21:07:43.788,BJ1SNV8680PAJ
DSLWP-B,13,N6RFM,2019-05-19 13:40:00.000,2019-05-21 21:08:19.849,BJ1SNU8680OD9
DSLWP-B,13,N6RFM,2019-05-19 13:50:00.000,2019-05-21 21:08:38.055,BJ1SNU8610ODJ
DSLWP-B,13,N6RFM,2019-05-19 14:31:00.000,2019-05-21 21:09:41.304,BJ1SNU86F0ODT
DSLWP-B,13,N6RFM,2019-05-19 14:51:00.000,2019-05-21 21:10:12.708,BJ1SNU8680ODK
DSLWP-B,13,N6RFM,2019-05-19 15:01:00.000,2019-05-21 21:10:32.803,BJ1SNU8680OD0
DSLWP-B,13,N6RFM,2019-05-19 15:11:00.000,2019-05-21 21:10:44.381,BJ1SNU8690ODA
DSLWP-B,13,N6RFM,2019-05-19 15:21:00.000,2019-05-21 21:11:01.698,BJ1SNU86B0ODK
DSLWP-B,13,N6RFM,2019-05-19 14:00:00.000,2019-05-21 21:08:54.667,BJ1SNU86B0ODT
DSLWP-B,13,N6RFM,2019-05-19 14:10:00.000,2019-05-21 21:09:13.862,BJ1SNU86A0OD9
DSLWP-B,13,N6RFM,2019-05-19 14:20:00.000,2019-05-21 21:09:27.841,BJ1SNU8680ODJ
DSLWP-B,13,N6RFM,2019-05-19 14:40:00.000,2019-05-21 21:09:59.457,BJ1SNU86B0ODA
DSLWP-B,13,N6RFM,2019-05-22 12:41:00.000,2019-05-23 07:12:30.149,BJ1SNU86G0OD9
DSLWP-B,13,N6RFM,2019-05-22 12:51:00.000,2019-05-23 07:12:46.844,BJ1SNU8670OWK
DSLWP-B,13,N6RFM,2019-05-22 13:01:00.000,2019-05-23 07:13:05.705,BJ1SNU86A0OD0
DSLWP-B,13,N6RFM,2019-05-22 13:11:00.000,2019-05-23 07:13:21.537,BJ1SNU8670OD9
DSLWP-B,13,N6RFM,2019-05-22 13:21:00.000,2019-05-23 07:13:36.999,BJ1SNU86F0ODK
DSLWP-B,13,N6RFM,2019-05-22 13:31:00.000,2019-05-23 07:13:51.083,BJ1SNU8680OD0
DSLWP-B,13,N6RFM,2019-05-22 13:41:00.000,2019-05-23 07:14:04.404,BJ1SNU8690OD9
DSLWP-B,13,N6RFM,2019-05-22 13:51:00.000,2019-05-23 07:14:23.662,BJ1SNU86B0ODK
DSLWP-B,13,N6RFM,2019-05-22 14:01:00.000,2019-05-23 07:14:41.325,BJ1SNU8680PD0
DSLWP-B,13,LU1HKO,2019-05-22 13:11:00.000,2019-05-23 09:38:12.382,BJ1SNU8670OD9
DSLWP-B,13,N6RFM,2019-05-22 14:11:00.000,2019-05-23 07:14:57.027,BJ1SNU86C0PDA
DSLWP-B,13,DK3WN,2019-06-05 16:01:00.000,2019-06-06 20:09:11.465,BJ1SNV8690OA0
DSLWP-B,13,DK3WN,2019-06-07 16:41:00.000,2019-06-07 18:38:39.000,BJ1SNV86C0OA9
DSLWP-B,13,DK3WN,2019-06-06 16:21:00.000,2019-06-06 20:09:31.236,BJ1SNV86G0PAJ
DSLWP-B,13,DK3WN,2019-06-06 16:31:00.000,2019-06-06 20:09:45.986,BJ1SNV86A0PA0
DSLWP-B,13,DK3WN,2019-06-06 16:41:00.000,2019-06-06 20:09:59.105,BJ1SNV8690PAA
DSLWP-B,13,DK3WN,2019-06-06 16:51:00.000,2019-06-06 20:10:13.606,BJ1SNV8670PAK
DSLWP-B,13,DK3WN,2019-06-07 16:20:00.000,2019-06-07 18:38:26.161,BJ1SNV86D0OAK
DSLWP-B,13,VK5EI,2019-06-07 16:51:00.000,2019-06-07 19:34:35.654,BJ1SNV86B0OAJ
DSLWP-B,13,VK5EI,2019-06-07 17:01:00.000,2019-06-07 19:35:29.495,BJ1SNV86D0OA0
DSLWP-B,13,DK3WN,2019-06-07 16:51:00.000,2019-06-07 18:38:55.766,BJ1SNV86B0OAJ
DSLWP-B,13,DK3WN,2019-06-07 17:01:00.000,2019-06-07 18:39:08.896,BJ1SNV86D0OA0
DSLWP-B,13,DK3WN,2019-06-07 17:11:00.000,2019-06-07 18:39:21.694,BJ1SNV8690OAA
DSLWP-B,13,DK3WN,2019-06-07 17:21:00.000,2019-06-07 18:39:32.214,BJ1SNV86A0OAJ
DSLWP-B,13,DK3WN,2019-06-07 17:31:00.000,2019-06-07 18:39:46.284,BJ1SNV86C0OA0
DSLWP-B,13,VK5EI,2019-06-07 16:40:00.000,2019-06-07 19:33:40.080,BJ1SNV86C0OA9
DSLWP-B,13,DK3WN,2019-06-07 17:41:00.000,2019-06-07 18:40:03.973,BJ1SNV86B0PAA
DSLWP-B,13,VK5EI,2019-06-07 17:11:00.000,2019-06-07 19:36:17.561,BJ1SNV8690OAA
DSLWP-B,13,VK5EI,2019-06-07 17:21:00.000,2019-06-07 19:37:15.213,BJ1SNV86A0OAJ
DSLWP-B,13,VK5EI,2019-06-07 17:31:00.000,2019-06-07 19:38:15.370,BJ1SNV86C0OA0
DSLWP-B,13,VK5EI,2019-06-07 17:41:00.000,2019-06-07 19:38:58.368,BJ1SNV86B0PAA
DSLWP-B,13,VK5EI,2019-07-15 21:21:00.000,2019-07-15 21:23:19.474,BJ1SNV8680PAJ
DSLWP-B,13,VK5EI,2019-07-15 21:31:00.000,2019-07-15 21:38:01.294,BJ1SNV86A0PAT
DSLWP-B,13,VK5EI,2019-07-15 21:41:00.000,2019-07-15 21:50:18.892,BJ1SNV86A0PA9
DSLWP-B,13,VK5EI,2019-07-15 21:51:00.000,2019-07-15 21:56:30.159,BJ1SNV86D0PAK
DSLWP-B,13,VK5EI,2019-07-15 21:21:00.000,2019-07-15 21:21:39.492,BJ1SNV86C0PA9
